model,method,seed_k,coarse_budget,queries,seed_fullcov,avg_seed_recall,expanded_fullcov,avg_expanded_recall,fine_pool_fullcov,avg_fine_pool_recall,avg_max_true_coarse_rank,fine_fullcov_at_25,avg_fine_recall_at_25,fine_fullcov_at_50,avg_fine_recall_at_50,fine_fullcov_at_75,avg_fine_recall_at_75,fine_fullcov_at_100,avg_fine_recall_at_100,fine_fullcov_at_150,avg_fine_recall_at_150,fine_fullcov_at_200,avg_fine_recall_at_200,fine_fullcov_at_250,avg_fine_recall_at_250,fine_fullcov_at_300,avg_fine_recall_at_300,fine_fullcov_at_400,avg_fine_recall_at_400,fine_fullcov_at_625,avg_fine_recall_at_625,fine_fullcov_at_750,avg_fine_recall_at_750
v6final,coarse_hybrid_mw0.25_teleport10,20,50,100,28,0.7055582056832057,45,0.8585840825840826,0,0.0,59.06,0,0.0,0,0.0,0,0.0,0,0.0,0,0.0,0,0.0,0,0.0,0,0.0,0,0.0,0,0.0,0,0.0
v6final,coarse_hybrid_mw0.25_teleport10,20,75,100,28,0.7055582056832057,61,0.9139120462870463,0,0.0,59.06,0,0.0,0,0.0,0,0.0,0,0.0,0,0.0,0,0.0,0,0.0,0,0.0,0,0.0,0,0.0,0,0.0
v6final,coarse_hybrid_mw0.25_teleport10,20,100,100,28,0.7055582056832057,77,0.950953823953824,0,0.0,59.06,0,0.0,0,0.0,0,0.0,0,0.0,0,0.0,0,0.0,0,0.0,0,0.0,0,0.0,0,0.0,0,0.0
v6final,coarse_hybrid_mw0.25_teleport5,20,50,100,28,0.7055582056832057,49,0.8639230075480075,0,0.0,59.06,0,0.0,0,0.0,0,0.0,0,0.0,0,0.0,0,0.0,0,0.0,0,0.0,0,0.0,0,0.0,0,0.0
v6final,coarse_hybrid_mw0.25_teleport5,20,75,100,28,0.7055582056832057,62,0.925960026085026,0,0.0,59.06,0,0.0,0,0.0,0,0.0,0,0.0,0,0.0,0,0.0,0,0.0,0,0.0,0,0.0,0,0.0,0,0.0
v6final,coarse_hybrid_mw0.25_teleport5,20,100,100,28,0.7055582056832057,80,0.9563553391053391,0,0.0,59.06,0,0.0,0,0.0,0,0.0,0,0.0,0,0.0,0,0.0,0,0.0,0,0.0,0,0.0,0,0.0,0,0.0
v6final,coarse_hybrid_mw0.5_teleport10,20,50,100,28,0.7055582056832057,51,0.872396201021201,0,0.0,59.06,0,0.0,0,0.0,0,0.0,0,0.0,0,0.0,0,0.0,0,0.0,0,0.0,0,0.0,0,0.0,0,0.0
v6final,coarse_hybrid_mw0.5_teleport10,20,75,100,28,0.7055582056832057,67,0.9330830419580419,0,0.0,59.06,0,0.0,0,0.0,0,0.0,0,0.0,0,0.0,0,0.0,0,0.0,0,0.0,0,0.0,0,0.0,0,0.0
v6final,coarse_hybrid_mw0.5_teleport10,20,100,100,28,0.7055582056832057,82,0.9621291486291486,0,0.0,59.06,0,0.0,0,0.0,0,0.0,0,0.0,0,0.0,0,0.0,0,0.0,0,0.0,0,0.0,0,0.0,0,0.0
v6final,coarse_hybrid_mw0.5_teleport5,20,50,100,28,0.7055582056832057,48,0.8658406454656454,0,0.0,59.06,0,0.0,0,0.0,0,0.0,0,0.0,0,0.0,0,0.0,0,0.0,0,0.0,0,0.0,0,0.0,0,0.0
v6final,coarse_hybrid_mw0.5_teleport5,20,75,100,28,0.7055582056832057,67,0.9387262598512598,0,0.0,59.06,0,0.0,0,0.0,0,0.0,0,0.0,0,0.0,0,0.0,0,0.0,0,0.0,0,0.0,0,0.0,0,0.0
v6final,coarse_hybrid_mw0.5_teleport5,20,100,100,28,0.7055582056832057,81,0.9619069264069264,0,0.0,59.06,0,0.0,0,0.0,0,0.0,0,0.0,0,0.0,0,0.0,0,0.0,0,0.0,0,0.0,0,0.0,0,0.0
v6final,coarse_hybrid_mw0.75_teleport10,20,50,100,28,0.7055582056832057,51,0.8767010350760351,0,0.0,59.06,0,0.0,0,0.0,0,0.0,0,0.0,0,0.0,0,0.0,0,0.0,0,0.0,0,0.0,0,0.0,0,0.0
v6final,coarse_hybrid_mw0.75_teleport10,20,75,100,28,0.7055582056832057,69,0.9410393911643912,0,0.0,59.06,0,0.0,0,0.0,0,0.0,0,0.0,0,0.0,0,0.0,0,0.0,0,0.0,0,0.0,0,0.0,0,0.0
v6final,coarse_hybrid_mw0.75_teleport10,20,100,100,28,0.7055582056832057,81,0.962323593073593,0,0.0,59.06,0,0.0,0,0.0,0,0.0,0,0.0,0,0.0,0,0.0,0,0.0,0,0.0,0,0.0,0,0.0,0,0.0
v6final,coarse_hybrid_mw0.75_teleport5,20,50,100,28,0.7055582056832057,50,0.876610125985126,0,0.0,59.06,0,0.0,0,0.0,0,0.0,0,0.0,0,0.0,0,0.0,0,0.0,0,0.0,0,0.0,0,0.0,0,0.0
v6final,coarse_hybrid_mw0.75_teleport5,20,75,100,28,0.7055582056832057,69,0.9410393911643912,0,0.0,59.06,0,0.0,0,0.0,0,0.0,0,0.0,0,0.0,0,0.0,0,0.0,0,0.0,0,0.0,0,0.0,0,0.0
v6final,coarse_hybrid_mw0.75_teleport5,20,100,100,28,0.7055582056832057,80,0.9606569264069265,0,0.0,59.06,0,0.0,0,0.0,0,0.0,0,0.0,0,0.0,0,0.0,0,0.0,0,0.0,0,0.0,0,0.0,0,0.0
v6final,dual_hybrid_rrf_mw0.25_teleport10,20,50,100,26,0.6963082056832057,44,0.8550804750804751,0,0.0,59.06,0,0.0,0,0.0,0,0.0,0,0.0,0,0.0,0,0.0,0,0.0,0,0.0,0,0.0,0,0.0,0,0.0
v6final,dual_hybrid_rrf_mw0.25_teleport10,20,75,100,26,0.6963082056832057,61,0.9153406177156177,0,0.0,59.06,0,0.0,0,0.0,0,0.0,0,0.0,0,0.0,0,0.0,0,0.0,0,0.0,0,0.0,0,0.0,0,0.0
v6final,dual_hybrid_rrf_mw0.25_teleport10,20,100,100,26,0.6963082056832057,75,0.9451611444111444,0,0.0,59.06,0,0.0,0,0.0,0,0.0,0,0.0,0,0.0,0,0.0,0,0.0,0,0.0,0,0.0,0,0.0,0,0.0
v6final,dual_hybrid_rrf_mw0.25_teleport5,20,50,100,26,0.7025111971361971,48,0.868746780996781,0,0.0,59.06,0,0.0,0,0.0,0,0.0,0,0.0,0,0.0,0,0.0,0,0.0,0,0.0,0,0.0,0,0.0,0,0.0
v6final,dual_hybrid_rrf_mw0.25_teleport5,20,75,100,26,0.7025111971361971,62,0.9222136335886336,0,0.0,59.06,0,0.0,0,0.0,0,0.0,0,0.0,0,0.0,0,0.0,0,0.0,0,0.0,0,0.0,0,0.0,0,0.0
v6final,dual_hybrid_rrf_mw0.25_teleport5,20,100,100,26,0.7025111971361971,78,0.9551730491730491,0,0.0,59.06,0,0.0,0,0.0,0,0.0,0,0.0,0,0.0,0,0.0,0,0.0,0,0.0,0,0.0,0,0.0,0,0.0
v6final,dual_hybrid_rrf_mw0.5_teleport10,20,50,100,27,0.6971220584970585,49,0.8727692168942168,0,0.0,59.06,0,0.0,0,0.0,0,0.0,0,0.0,0,0.0,0,0.0,0,0.0,0,0.0,0,0.0,0,0.0,0,0.0
v6final,dual_hybrid_rrf_mw0.5_teleport10,20,75,100,27,0.6971220584970585,65,0.9339831141081142,0,0.0,59.06,0,0.0,0,0.0,0,0.0,0,0.0,0,0.0,0,0.0,0,0.0,0,0.0,0,0.0,0,0.0,0,0.0
v6final,dual_hybrid_rrf_mw0.5_teleport10,20,100,100,27,0.6971220584970585,79,0.9617841602841602,0,0.0,59.06,0,0.0,0,0.0,0,0.0,0,0.0,0,0.0,0,0.0,0,0.0,0,0.0,0,0.0,0,0.0,0,0.0
v6final,dual_hybrid_rrf_mw0.5_teleport5,20,50,100,26,0.6958089271839272,48,0.8730803640803642,0,0.0,59.06,0,0.0,0,0.0,0,0.0,0,0.0,0,0.0,0,0.0,0,0.0,0,0.0,0,0.0,0,0.0,0,0.0
v6final,dual_hybrid_rrf_mw0.5_teleport5,20,75,100,26,0.6958089271839272,66,0.9347893911643912,0,0.0,59.06,0,0.0,0,0.0,0,0.0,0,0.0,0,0.0,0,0.0,0,0.0,0,0.0,0,0.0,0,0.0,0,0.0
v6final,dual_hybrid_rrf_mw0.5_teleport5,20,100,100,26,0.6958089271839272,80,0.9628952713952714,0,0.0,59.06,0,0.0,0,0.0,0,0.0,0,0.0,0,0.0,0,0.0,0,0.0,0,0.0,0,0.0,0,0.0,0,0.0
v6final,dual_hybrid_rrf_mw0.75_teleport10,20,50,100,28,0.7044268925518925,52,0.8802482933732934,0,0.0,59.06,0,0.0,0,0.0,0,0.0,0,0.0,0,0.0,0,0.0,0,0.0,0,0.0,0,0.0,0,0.0,0,0.0
v6final,dual_hybrid_rrf_mw0.75_teleport10,20,75,100,28,0.7044268925518925,71,0.9437457403707404,0,0.0,59.06,0,0.0,0,0.0,0,0.0,0,0.0,0,0.0,0,0.0,0,0.0,0,0.0,0,0.0,0,0.0,0,0.0
v6final,dual_hybrid_rrf_mw0.75_teleport10,20,100,100,28,0.7044268925518925,80,0.9668952713952714,0,0.0,59.06,0,0.0,0,0.0,0,0.0,0,0.0,0,0.0,0,0.0,0,0.0,0,0.0,0,0.0,0,0.0,0,0.0
v6final,dual_hybrid_rrf_mw0.75_teleport5,20,50,100,27,0.7000935592185593,52,0.8796232933732934,0,0.0,59.06,0,0.0,0,0.0,0,0.0,0,0.0,0,0.0,0,0.0,0,0.0,0,0.0,0,0.0,0,0.0,0,0.0
v6final,dual_hybrid_rrf_mw0.75_teleport5,20,75,100,27,0.7000935592185593,71,0.9437457403707404,0,0.0,59.06,0,0.0,0,0.0,0,0.0,0,0.0,0,0.0,0,0.0,0,0.0,0,0.0,0,0.0,0,0.0,0,0.0
v6final,dual_hybrid_rrf_mw0.75_teleport5,20,100,100,27,0.7000935592185593,80,0.9668952713952714,0,0.0,59.06,0,0.0,0,0.0,0,0.0,0,0.0,0,0.0,0,0.0,0,0.0,0,0.0,0,0.0,0,0.0,0,0.0
v6final,fixed,20,20,100,28,0.7055582056832057,28,0.7055582056832057,0,0.0,59.06,0,0.0,0,0.0,0,0.0,0,0.0,0,0.0,0,0.0,0,0.0,0,0.0,0,0.0,0,0.0,0,0.0
v6final,fixed,50,50,100,53,0.884851578976579,53,0.884851578976579,0,0.0,59.06,0,0.0,0,0.0,0,0.0,0,0.0,0,0.0,0,0.0,0,0.0,0,0.0,0,0.0,0,0.0,0,0.0
v6final,fixed,100,100,100,78,0.9644347041847041,78,0.9644347041847041,0,0.0,59.06,0,0.0,0,0.0,0,0.0,0,0.0,0,0.0,0,0.0,0,0.0,0,0.0,0,0.0,0,0.0,0,0.0
v6final,fixed_dual_hybrid_rrf_mw0.25_teleport10,20,50,100,28,0.7072450743700743,47,0.8649144189144189,0,0.0,59.06,0,0.0,0,0.0,0,0.0,0,0.0,0,0.0,0,0.0,0,0.0,0,0.0,0,0.0,0,0.0,0,0.0
v6final,fixed_dual_hybrid_rrf_mw0.25_teleport10,20,75,100,28,0.7072450743700743,63,0.926658078033078,0,0.0,59.06,0,0.0,0,0.0,0,0.0,0,0.0,0,0.0,0,0.0,0,0.0,0,0.0,0,0.0,0,0.0,0,0.0
v6final,fixed_dual_hybrid_rrf_mw0.25_teleport10,20,100,100,28,0.7072450743700743,81,0.9597958152958153,0,0.0,59.06,0,0.0,0,0.0,0,0.0,0,0.0,0,0.0,0,0.0,0,0.0,0,0.0,0,0.0,0,0.0,0,0.0
v6final,fixed_dual_hybrid_rrf_mw0.25_teleport5,20,50,100,28,0.7086061854811855,49,0.8686719946719947,0,0.0,59.06,0,0.0,0,0.0,0,0.0,0,0.0,0,0.0,0,0.0,0,0.0,0,0.0,0,0.0,0,0.0,0,0.0
v6final,fixed_dual_hybrid_rrf_mw0.25_teleport5,20,75,100,28,0.7086061854811855,66,0.9354838356088356,0,0.0,59.06,0,0.0,0,0.0,0,0.0,0,0.0,0,0.0,0,0.0,0,0.0,0,0.0,0,0.0,0,0.0,0,0.0
v6final,fixed_dual_hybrid_rrf_mw0.25_teleport5,20,100,100,28,0.7086061854811855,79,0.9587765845265845,0,0.0,59.06,0,0.0,0,0.0,0,0.0,0,0.0,0,0.0,0,0.0,0,0.0,0,0.0,0,0.0,0,0.0,0,0.0
v6final,fixed_dual_hybrid_rrf_mw0.5_teleport10,20,50,100,27,0.7043284077034078,50,0.8760664751914752,0,0.0,59.06,0,0.0,0,0.0,0,0.0,0,0.0,0,0.0,0,0.0,0,0.0,0,0.0,0,0.0,0,0.0,0,0.0
v6final,fixed_dual_hybrid_rrf_mw0.5_teleport10,20,75,100,27,0.7043284077034078,70,0.9414560578310578,0,0.0,59.06,0,0.0,0,0.0,0,0.0,0,0.0,0,0.0,0,0.0,0,0.0,0,0.0,0,0.0,0,0.0,0,0.0
v6final,fixed_dual_hybrid_rrf_mw0.5_teleport10,20,100,100,27,0.7043284077034078,82,0.963573593073593,0,0.0,59.06,0,0.0,0,0.0,0,0.0,0,0.0,0,0.0,0,0.0,0,0.0,0,0.0,0,0.0,0,0.0,0,0.0
v6final,fixed_dual_hybrid_rrf_mw0.5_teleport5,20,50,100,28,0.7096061854811855,50,0.8759844044844044,0,0.0,59.06,0,0.0,0,0.0,0,0.0,0,0.0,0,0.0,0,0.0,0,0.0,0,0.0,0,0.0,0,0.0,0,0.0
v6final,fixed_dual_hybrid_rrf_mw0.5_teleport5,20,75,100,28,0.7096061854811855,71,0.9438171689421689,0,0.0,59.06,0,0.0,0,0.0,0,0.0,0,0.0,0,0.0,0,0.0,0,0.0,0,0.0,0,0.0,0,0.0,0,0.0
v6final,fixed_dual_hybrid_rrf_mw0.5_teleport5,20,100,100,28,0.7096061854811855,80,0.9611376956376957,0,0.0,59.06,0,0.0,0,0.0,0,0.0,0,0.0,0,0.0,0,0.0,0,0.0,0,0.0,0,0.0,0,0.0,0,0.0
v6final,fixed_dual_hybrid_rrf_mw0.75_teleport10,20,50,100,28,0.7020935592185592,52,0.8790121822621821,0,0.0,59.06,0,0.0,0,0.0,0,0.0,0,0.0,0,0.0,0,0.0,0,0.0,0,0.0,0,0.0,0,0.0,0,0.0
v6final,fixed_dual_hybrid_rrf_mw0.75_teleport10,20,75,100,28,0.7020935592185592,71,0.9437457403707404,0,0.0,59.06,0,0.0,0,0.0,0,0.0,0,0.0,0,0.0,0,0.0,0,0.0,0,0.0,0,0.0,0,0.0,0,0.0
v6final,fixed_dual_hybrid_rrf_mw0.75_teleport10,20,100,100,28,0.7020935592185592,81,0.9628043623043624,0,0.0,59.06,0,0.0,0,0.0,0,0.0,0,0.0,0,0.0,0,0.0,0,0.0,0,0.0,0,0.0,0,0.0,0,0.0
v6final,fixed_dual_hybrid_rrf_mw0.75_teleport5,20,50,100,28,0.7020935592185592,51,0.8771669441669442,0,0.0,59.06,0,0.0,0,0.0,0,0.0,0,0.0,0,0.0,0,0.0,0,0.0,0,0.0,0,0.0,0,0.0,0,0.0
v6final,fixed_dual_hybrid_rrf_mw0.75_teleport5,20,75,100,28,0.7020935592185592,70,0.9420790737040737,0,0.0,59.06,0,0.0,0,0.0,0,0.0,0,0.0,0,0.0,0,0.0,0,0.0,0,0.0,0,0.0,0,0.0,0,0.0
v6final,fixed_dual_hybrid_rrf_mw0.75_teleport5,20,100,100,28,0.7020935592185592,79,0.9607841602841602,0,0.0,59.06,0,0.0,0,0.0,0,0.0,0,0.0,0,0.0,0,0.0,0,0.0,0,0.0,0,0.0,0,0.0,0,0.0
v6final,global_fine_rrf_fixed,20,20,100,27,0.6933988233988234,27,0.6933988233988234,0,0.0,59.06,0,0.0,0,0.0,0,0.0,0,0.0,0,0.0,0,0.0,0,0.0,0,0.0,0,0.0,0,0.0,0,0.0
v6final,global_fine_rrf_fixed,50,50,100,51,0.8763316267066267,51,0.8763316267066267,0,0.0,59.06,0,0.0,0,0.0,0,0.0,0,0.0,0,0.0,0,0.0,0,0.0,0,0.0,0,0.0,0,0.0,0,0.0
v6final,global_fine_rrf_fixed,100,100,100,82,0.9755501443001442,82,0.9755501443001442,0,0.0,59.06,0,0.0,0,0.0,0,0.0,0,0.0,0,0.0,0,0.0,0,0.0,0,0.0,0,0.0,0,0.0,0,0.0
v6final,global_fine_rrf_hybrid_mw0.25_teleport10,20,50,100,27,0.6933988233988234,45,0.8523777333777334,0,0.0,59.06,0,0.0,0,0.0,0,0.0,0,0.0,0,0.0,0,0.0,0,0.0,0,0.0,0,0.0,0,0.0,0,0.0
v6final,global_fine_rrf_hybrid_mw0.25_teleport10,20,75,100,27,0.6933988233988234,57,0.9107691891441891,0,0.0,59.06,0,0.0,0,0.0,0,0.0,0,0.0,0,0.0,0,0.0,0,0.0,0,0.0,0,0.0,0,0.0,0,0.0
v6final,global_fine_rrf_hybrid_mw0.25_teleport10,20,100,100,27,0.6933988233988234,75,0.9437361804861805,0,0.0,59.06,0,0.0,0,0.0,0,0.0,0,0.0,0,0.0,0,0.0,0,0.0,0,0.0,0,0.0,0,0.0,0,0.0
v6final,global_fine_rrf_hybrid_mw0.25_teleport5,20,50,100,27,0.6933988233988234,48,0.8616021894771895,0,0.0,59.06,0,0.0,0,0.0,0,0.0,0,0.0,0,0.0,0,0.0,0,0.0,0,0.0,0,0.0,0,0.0,0,0.0
v6final,global_fine_rrf_hybrid_mw0.25_teleport5,20,75,100,27,0.6933988233988234,60,0.9192691891441892,0,0.0,59.06,0,0.0,0,0.0,0,0.0,0,0.0,0,0.0,0,0.0,0,0.0,0,0.0,0,0.0,0,0.0,0,0.0
v6final,global_fine_rrf_hybrid_mw0.25_teleport5,20,100,100,27,0.6933988233988234,79,0.9531932511932512,0,0.0,59.06,0,0.0,0,0.0,0,0.0,0,0.0,0,0.0,0,0.0,0,0.0,0,0.0,0,0.0,0,0.0,0,0.0
v6final,global_fine_rrf_hybrid_mw0.5_teleport10,20,50,100,27,0.6933988233988234,50,0.8673469585969587,0,0.0,59.06,0,0.0,0,0.0,0,0.0,0,0.0,0,0.0,0,0.0,0,0.0,0,0.0,0,0.0,0,0.0,0,0.0
v6final,global_fine_rrf_hybrid_mw0.5_teleport10,20,75,100,27,0.6933988233988234,67,0.9360664474414474,0,0.0,59.06,0,0.0,0,0.0,0,0.0,0,0.0,0,0.0,0,0.0,0,0.0,0,0.0,0,0.0,0,0.0,0,0.0
v6final,global_fine_rrf_hybrid_mw0.5_teleport10,20,100,100,27,0.6933988233988234,80,0.9619978354978355,0,0.0,59.06,0,0.0,0,0.0,0,0.0,0,0.0,0,0.0,0,0.0,0,0.0,0,0.0,0,0.0,0,0.0,0,0.0
v6final,global_fine_rrf_hybrid_mw0.5_teleport5,20,50,100,27,0.6933988233988234,50,0.87570337995338,0,0.0,59.06,0,0.0,0,0.0,0,0.0,0,0.0,0,0.0,0,0.0,0,0.0,0,0.0,0,0.0,0,0.0,0,0.0
v6final,global_fine_rrf_hybrid_mw0.5_teleport5,20,75,100,27,0.6933988233988234,67,0.9356541097791097,0,0.0,59.06,0,0.0,0,0.0,0,0.0,0,0.0,0,0.0,0,0.0,0,0.0,0,0.0,0,0.0,0,0.0,0,0.0
v6final,global_fine_rrf_hybrid_mw0.5_teleport5,20,100,100,27,0.6933988233988234,81,0.9681089466089466,0,0.0,59.06,0,0.0,0,0.0,0,0.0,0,0.0,0,0.0,0,0.0,0,0.0,0,0.0,0,0.0,0,0.0,0,0.0
v6final,global_fine_rrf_hybrid_mw0.75_teleport10,20,50,100,27,0.6933988233988234,50,0.8771894910644911,0,0.0,59.06,0,0.0,0,0.0,0,0.0,0,0.0,0,0.0,0,0.0,0,0.0,0,0.0,0,0.0,0,0.0,0,0.0
v6final,global_fine_rrf_hybrid_mw0.75_teleport10,20,75,100,27,0.6933988233988234,68,0.945376332001332,0,0.0,59.06,0,0.0,0,0.0,0,0.0,0,0.0,0,0.0,0,0.0,0,0.0,0,0.0,0,0.0,0,0.0,0,0.0
v6final,global_fine_rrf_hybrid_mw0.75_teleport10,20,100,100,27,0.6933988233988234,81,0.972553391053391,0,0.0,59.06,0,0.0,0,0.0,0,0.0,0,0.0,0,0.0,0,0.0,0,0.0,0,0.0,0,0.0,0,0.0,0,0.0
v6final,global_fine_rrf_hybrid_mw0.75_teleport5,20,50,100,27,0.6933988233988234,50,0.8771894910644911,0,0.0,59.06,0,0.0,0,0.0,0,0.0,0,0.0,0,0.0,0,0.0,0,0.0,0,0.0,0,0.0,0,0.0,0,0.0
v6final,global_fine_rrf_hybrid_mw0.75_teleport5,20,75,100,27,0.6933988233988234,68,0.9435834027084027,0,0.0,59.06,0,0.0,0,0.0,0,0.0,0,0.0,0,0.0,0,0.0,0,0.0,0,0.0,0,0.0,0,0.0,0,0.0
v6final,global_fine_rrf_hybrid_mw0.75_teleport5,20,100,100,27,0.6933988233988234,80,0.9674624819624819,0,0.0,59.06,0,0.0,0,0.0,0,0.0,0,0.0,0,0.0,0,0.0,0,0.0,0,0.0,0,0.0,0,0.0,0,0.0
v6final+v7clean_best+v7clean_final+v7continue_best+v7continue_final,cross_model_all_hybrid_rrf_mw0.25_teleport10,20,50,100,29,0.7050063686313686,46,0.8558192224442225,0,0.0,63.17,0,0.0,0,0.0,0,0.0,0,0.0,0,0.0,0,0.0,0,0.0,0,0.0,0,0.0,0,0.0,0,0.0
v6final+v7clean_best+v7clean_final+v7continue_best+v7continue_final,cross_model_all_hybrid_rrf_mw0.25_teleport10,20,75,100,29,0.7050063686313686,58,0.9118059856809857,0,0.0,63.17,0,0.0,0,0.0,0,0.0,0,0.0,0,0.0,0,0.0,0,0.0,0,0.0,0,0.0,0,0.0,0,0.0
v6final+v7clean_best+v7clean_final+v7continue_best+v7continue_final,cross_model_all_hybrid_rrf_mw0.25_teleport10,20,100,100,29,0.7050063686313686,82,0.9562336552336552,0,0.0,63.17,0,0.0,0,0.0,0,0.0,0,0.0,0,0.0,0,0.0,0,0.0,0,0.0,0,0.0,0,0.0,0,0.0
v6final+v7clean_best+v7clean_final+v7continue_best+v7continue_final,cross_model_all_hybrid_rrf_mw0.25_teleport5,20,50,100,29,0.702964701964702,47,0.8606172022422023,0,0.0,60.86,0,0.0,0,0.0,0,0.0,0,0.0,0,0.0,0,0.0,0,0.0,0,0.0,0,0.0,0,0.0,0,0.0
v6final+v7clean_best+v7clean_final+v7continue_best+v7continue_final,cross_model_all_hybrid_rrf_mw0.25_teleport5,20,75,100,29,0.702964701964702,61,0.9231631285381287,0,0.0,60.86,0,0.0,0,0.0,0,0.0,0,0.0,0,0.0,0,0.0,0,0.0,0,0.0,0,0.0,0,0.0,0,0.0
v6final+v7clean_best+v7clean_final+v7continue_best+v7continue_final,cross_model_all_hybrid_rrf_mw0.25_teleport5,20,100,100,29,0.702964701964702,83,0.9583798701298701,0,0.0,60.86,0,0.0,0,0.0,0,0.0,0,0.0,0,0.0,0,0.0,0,0.0,0,0.0,0,0.0,0,0.0,0,0.0
v6final+v7clean_best+v7clean_final+v7continue_best+v7continue_final,cross_model_all_hybrid_rrf_mw0.5_teleport10,20,50,100,30,0.7000215201465201,46,0.8657485153735154,0,0.0,58.53,0,0.0,0,0.0,0,0.0,0,0.0,0,0.0,0,0.0,0,0.0,0,0.0,0,0.0,0,0.0,0,0.0
v6final+v7clean_best+v7clean_final+v7continue_best+v7continue_final,cross_model_all_hybrid_rrf_mw0.5_teleport10,20,75,100,30,0.7000215201465201,68,0.9404207042957043,0,0.0,58.53,0,0.0,0,0.0,0,0.0,0,0.0,0,0.0,0,0.0,0,0.0,0,0.0,0,0.0,0,0.0,0,0.0
v6final+v7clean_best+v7clean_final+v7continue_best+v7continue_final,cross_model_all_hybrid_rrf_mw0.5_teleport10,20,100,100,30,0.7000215201465201,85,0.9662604617604618,0,0.0,58.53,0,0.0,0,0.0,0,0.0,0,0.0,0,0.0,0,0.0,0,0.0,0,0.0,0,0.0,0,0.0,0,0.0
v6final+v7clean_best+v7clean_final+v7continue_best+v7continue_final,cross_model_all_hybrid_rrf_mw0.5_teleport5,20,50,100,29,0.6997992979242978,49,0.8746410117660117,0,0.0,58.18,0,0.0,0,0.0,0,0.0,0,0.0,0,0.0,0,0.0,0,0.0,0,0.0,0,0.0,0,0.0,0,0.0
v6final+v7clean_best+v7clean_final+v7continue_best+v7continue_final,cross_model_all_hybrid_rrf_mw0.5_teleport5,20,75,100,29,0.6997992979242978,67,0.9391707042957043,0,0.0,58.18,0,0.0,0,0.0,0,0.0,0,0.0,0,0.0,0,0.0,0,0.0,0,0.0,0,0.0,0,0.0,0,0.0
v6final+v7clean_best+v7clean_final+v7continue_best+v7continue_final,cross_model_all_hybrid_rrf_mw0.5_teleport5,20,100,100,29,0.6997992979242978,85,0.9659195526695527,0,0.0,58.18,0,0.0,0,0.0,0,0.0,0,0.0,0,0.0,0,0.0,0,0.0,0,0.0,0,0.0,0,0.0,0,0.0
v6final+v7clean_best+v7clean_final+v7continue_best+v7continue_final,cross_model_all_hybrid_rrf_mw0.75_teleport10,20,50,100,30,0.7006553585303585,50,0.8746978299478299,0,0.0,56.06,0,0.0,0,0.0,0,0.0,0,0.0,0,0.0,0,0.0,0,0.0,0,0.0,0,0.0,0,0.0,0,0.0
v6final+v7clean_best+v7clean_final+v7continue_best+v7continue_final,cross_model_all_hybrid_rrf_mw0.75_teleport10,20,75,100,30,0.7006553585303585,70,0.9453492757242757,0,0.0,56.06,0,0.0,0,0.0,0,0.0,0,0.0,0,0.0,0,0.0,0,0.0,0,0.0,0,0.0,0,0.0,0,0.0
v6final+v7clean_best+v7clean_final+v7continue_best+v7continue_final,cross_model_all_hybrid_rrf_mw0.75_teleport10,20,100,100,30,0.7006553585303585,83,0.9646695526695527,0,0.0,56.06,0,0.0,0,0.0,0,0.0,0,0.0,0,0.0,0,0.0,0,0.0,0,0.0,0,0.0,0,0.0,0,0.0
v6final+v7clean_best+v7clean_final+v7continue_best+v7continue_final,cross_model_all_hybrid_rrf_mw0.75_teleport5,20,50,100,30,0.7019053585303585,51,0.8763644966144966,0,0.0,55.91,0,0.0,0,0.0,0,0.0,0,0.0,0,0.0,0,0.0,0,0.0,0,0.0,0,0.0,0,0.0,0,0.0
v6final+v7clean_best+v7clean_final+v7continue_best+v7continue_final,cross_model_all_hybrid_rrf_mw0.75_teleport5,20,75,100,30,0.7019053585303585,70,0.9453492757242757,0,0.0,55.91,0,0.0,0,0.0,0,0.0,0,0.0,0,0.0,0,0.0,0,0.0,0,0.0,0,0.0,0,0.0,0,0.0
v6final+v7clean_best+v7clean_final+v7continue_best+v7continue_final,cross_model_all_hybrid_rrf_mw0.75_teleport5,20,100,100,30,0.7019053585303585,83,0.9656695526695526,0,0.0,55.91,0,0.0,0,0.0,0,0.0,0,0.0,0,0.0,0,0.0,0,0.0,0,0.0,0,0.0,0,0.0,0,0.0
v6final+v7clean_best+v7clean_final+v7continue_best+v7continue_final,cross_model_all_rrf_fixed,20,20,100,28,0.6903553946053945,28,0.6903553946053945,0,0.0,55.68,0,0.0,0,0.0,0,0.0,0,0.0,0,0.0,0,0.0,0,0.0,0,0.0,0,0.0,0,0.0,0,0.0
v6final+v7clean_best+v7clean_final+v7continue_best+v7continue_final,cross_model_all_rrf_fixed,50,50,100,54,0.8792533855033855,54,0.8792533855033855,0,0.0,55.68,0,0.0,0,0.0,0,0.0,0,0.0,0,0.0,0,0.0,0,0.0,0,0.0,0,0.0,0,0.0,0,0.0
v6final+v7clean_best+v7clean_final+v7continue_best+v7continue_final,cross_model_all_rrf_fixed,100,100,100,84,0.9658084415584416,84,0.9658084415584416,0,0.0,55.68,0,0.0,0,0.0,0,0.0,0,0.0,0,0.0,0,0.0,0,0.0,0,0.0,0,0.0,0,0.0,0,0.0
v6final+v7clean_best+v7clean_final+v7continue_best+v7continue_final,cross_model_all_rrf_hybrid_mw0.25_teleport10,20,50,100,28,0.6903553946053945,45,0.8514343018093018,0,0.0,55.68,0,0.0,0,0.0,0,0.0,0,0.0,0,0.0,0,0.0,0,0.0,0,0.0,0,0.0,0,0.0,0,0.0
v6final+v7clean_best+v7clean_final+v7continue_best+v7continue_final,cross_model_all_rrf_hybrid_mw0.25_teleport10,20,75,100,28,0.6903553946053945,59,0.9096862165612165,0,0.0,55.68,0,0.0,0,0.0,0,0.0,0,0.0,0,0.0,0,0.0,0,0.0,0,0.0,0,0.0,0,0.0,0,0.0
v6final+v7clean_best+v7clean_final+v7continue_best+v7continue_final,cross_model_all_rrf_hybrid_mw0.25_teleport10,20,100,100,28,0.6903553946053945,78,0.947507104007104,0,0.0,55.68,0,0.0,0,0.0,0,0.0,0,0.0,0,0.0,0,0.0,0,0.0,0,0.0,0,0.0,0,0.0,0,0.0
v6final+v7clean_best+v7clean_final+v7continue_best+v7continue_final,cross_model_all_rrf_hybrid_mw0.25_teleport5,20,50,100,28,0.6903553946053945,46,0.859251762126762,0,0.0,55.68,0,0.0,0,0.0,0,0.0,0,0.0,0,0.0,0,0.0,0,0.0,0,0.0,0,0.0,0,0.0,0,0.0
v6final+v7clean_best+v7clean_final+v7continue_best+v7continue_final,cross_model_all_rrf_hybrid_mw0.25_teleport5,20,75,100,28,0.6903553946053945,60,0.915139319014319,0,0.0,55.68,0,0.0,0,0.0,0,0.0,0,0.0,0,0.0,0,0.0,0,0.0,0,0.0,0,0.0,0,0.0,0,0.0
v6final+v7clean_best+v7clean_final+v7continue_best+v7continue_final,cross_model_all_rrf_hybrid_mw0.25_teleport5,20,100,100,28,0.6903553946053945,80,0.953721028971029,0,0.0,55.68,0,0.0,0,0.0,0,0.0,0,0.0,0,0.0,0,0.0,0,0.0,0,0.0,0,0.0,0,0.0,0,0.0
v6final+v7clean_best+v7clean_final+v7continue_best+v7continue_final,cross_model_all_rrf_hybrid_mw0.5_teleport10,20,50,100,28,0.6903553946053945,47,0.864674741924742,0,0.0,55.68,0,0.0,0,0.0,0,0.0,0,0.0,0,0.0,0,0.0,0,0.0,0,0.0,0,0.0,0,0.0,0,0.0
v6final+v7clean_best+v7clean_final+v7continue_best+v7continue_final,cross_model_all_rrf_hybrid_mw0.5_teleport10,20,75,100,28,0.6903553946053945,67,0.9337857836607837,0,0.0,55.68,0,0.0,0,0.0,0,0.0,0,0.0,0,0.0,0,0.0,0,0.0,0,0.0,0,0.0,0,0.0,0,0.0
v6final+v7clean_best+v7clean_final+v7continue_best+v7continue_final,cross_model_all_rrf_hybrid_mw0.5_teleport10,20,100,100,28,0.6903553946053945,82,0.9628126595626596,0,0.0,55.68,0,0.0,0,0.0,0,0.0,0,0.0,0,0.0,0,0.0,0,0.0,0,0.0,0,0.0,0,0.0,0,0.0
v6final+v7clean_best+v7clean_final+v7continue_best+v7continue_final,cross_model_all_rrf_hybrid_mw0.5_teleport5,20,50,100,28,0.6903553946053945,48,0.8711429958929959,0,0.0,55.68,0,0.0,0,0.0,0,0.0,0,0.0,0,0.0,0,0.0,0,0.0,0,0.0,0,0.0,0,0.0,0,0.0
v6final+v7clean_best+v7clean_final+v7continue_best+v7continue_final,cross_model_all_rrf_hybrid_mw0.5_teleport5,20,75,100,28,0.6903553946053945,68,0.9413297952047952,0,0.0,55.68,0,0.0,0,0.0,0,0.0,0,0.0,0,0.0,0,0.0,0,0.0,0,0.0,0,0.0,0,0.0,0,0.0
v6final+v7clean_best+v7clean_final+v7continue_best+v7continue_final,cross_model_all_rrf_hybrid_mw0.5_teleport5,20,100,100,28,0.6903553946053945,83,0.9642412309912309,0,0.0,55.68,0,0.0,0,0.0,0,0.0,0,0.0,0,0.0,0,0.0,0,0.0,0,0.0,0,0.0,0,0.0,0,0.0
v6final+v7clean_best+v7clean_final+v7continue_best+v7continue_final,cross_model_all_rrf_hybrid_mw0.75_teleport10,20,50,100,28,0.6903553946053945,50,0.8761264013764014,0,0.0,55.68,0,0.0,0,0.0,0,0.0,0,0.0,0,0.0,0,0.0,0,0.0,0,0.0,0,0.0,0,0.0,0,0.0
v6final+v7clean_best+v7clean_final+v7continue_best+v7continue_final,cross_model_all_rrf_hybrid_mw0.75_teleport10,20,75,100,28,0.6903553946053945,70,0.9470159423909423,0,0.0,55.68,0,0.0,0,0.0,0,0.0,0,0.0,0,0.0,0,0.0,0,0.0,0,0.0,0,0.0,0,0.0,0,0.0
v6final+v7clean_best+v7clean_final+v7continue_best+v7continue_final,cross_model_all_rrf_hybrid_mw0.75_teleport10,20,100,100,28,0.6903553946053945,84,0.9648084415584415,0,0.0,55.68,0,0.0,0,0.0,0,0.0,0,0.0,0,0.0,0,0.0,0,0.0,0,0.0,0,0.0,0,0.0,0,0.0
v6final+v7clean_best+v7clean_final+v7continue_best+v7continue_final,cross_model_all_rrf_hybrid_mw0.75_teleport5,20,50,100,28,0.6903553946053945,51,0.8771978299478299,0,0.0,55.68,0,0.0,0,0.0,0,0.0,0,0.0,0,0.0,0,0.0,0,0.0,0,0.0,0,0.0,0,0.0,0,0.0
v6final+v7clean_best+v7clean_final+v7continue_best+v7continue_final,cross_model_all_rrf_hybrid_mw0.75_teleport5,20,75,100,28,0.6903553946053945,71,0.9478492757242758,0,0.0,55.68,0,0.0,0,0.0,0,0.0,0,0.0,0,0.0,0,0.0,0,0.0,0,0.0,0,0.0,0,0.0,0,0.0
v6final+v7clean_best+v7clean_final+v7continue_best+v7continue_final,cross_model_all_rrf_hybrid_mw0.75_teleport5,20,100,100,28,0.6903553946053945,84,0.9648084415584415,0,0.0,55.68,0,0.0,0,0.0,0,0.0,0,0.0,0,0.0,0,0.0,0,0.0,0,0.0,0,0.0,0,0.0,0,0.0
v6final+v7clean_best+v7clean_final+v7continue_best+v7continue_final,cross_model_coarse_rrf_fixed,20,20,100,29,0.6955111277611278,29,0.6955111277611278,0,0.0,57.43,0,0.0,0,0.0,0,0.0,0,0.0,0,0.0,0,0.0,0,0.0,0,0.0,0,0.0,0,0.0,0,0.0
v6final+v7clean_best+v7clean_final+v7continue_best+v7continue_final,cross_model_coarse_rrf_fixed,50,50,100,51,0.8756006077256078,51,0.8756006077256078,0,0.0,57.43,0,0.0,0,0.0,0,0.0,0,0.0,0,0.0,0,0.0,0,0.0,0,0.0,0,0.0,0,0.0,0,0.0
v6final+v7clean_best+v7clean_final+v7continue_best+v7continue_final,cross_model_coarse_rrf_fixed,100,100,100,82,0.965002886002886,82,0.965002886002886,0,0.0,57.43,0,0.0,0,0.0,0,0.0,0,0.0,0,0.0,0,0.0,0,0.0,0,0.0,0,0.0,0,0.0,0,0.0
v6final+v7clean_best+v7clean_final+v7continue_best+v7continue_final,cross_model_coarse_rrf_hybrid_mw0.25_teleport10,20,50,100,29,0.6955111277611278,42,0.8423938977688978,0,0.0,57.43,0,0.0,0,0.0,0,0.0,0,0.0,0,0.0,0,0.0,0,0.0,0,0.0,0,0.0,0,0.0,0,0.0
v6final+v7clean_best+v7clean_final+v7continue_best+v7continue_final,cross_model_coarse_rrf_hybrid_mw0.25_teleport10,20,75,100,29,0.6955111277611278,57,0.90351954989455,0,0.0,57.43,0,0.0,0,0.0,0,0.0,0,0.0,0,0.0,0,0.0,0,0.0,0,0.0,0,0.0,0,0.0,0,0.0
v6final+v7clean_best+v7clean_final+v7continue_best+v7continue_final,cross_model_coarse_rrf_hybrid_mw0.25_teleport10,20,100,100,29,0.6955111277611278,77,0.9432610722610723,0,0.0,57.43,0,0.0,0,0.0,0,0.0,0,0.0,0,0.0,0,0.0,0,0.0,0,0.0,0,0.0,0,0.0,0,0.0
v6final+v7clean_best+v7clean_final+v7continue_best+v7continue_final,cross_model_coarse_rrf_hybrid_mw0.25_teleport5,20,50,100,29,0.6955111277611278,45,0.857370448995449,0,0.0,57.43,0,0.0,0,0.0,0,0.0,0,0.0,0,0.0,0,0.0,0,0.0,0,0.0,0,0.0,0,0.0,0,0.0
v6final+v7clean_best+v7clean_final+v7continue_best+v7continue_final,cross_model_coarse_rrf_hybrid_mw0.25_teleport5,20,75,100,29,0.6955111277611278,61,0.91563499000999,0,0.0,57.43,0,0.0,0,0.0,0,0.0,0,0.0,0,0.0,0,0.0,0,0.0,0,0.0,0,0.0,0,0.0,0,0.0
v6final+v7clean_best+v7clean_final+v7continue_best+v7continue_final,cross_model_coarse_rrf_hybrid_mw0.25_teleport5,20,100,100,29,0.6955111277611278,79,0.950736901986902,0,0.0,57.43,0,0.0,0,0.0,0,0.0,0,0.0,0,0.0,0,0.0,0,0.0,0,0.0,0,0.0,0,0.0,0,0.0
v6final+v7clean_best+v7clean_final+v7continue_best+v7continue_final,cross_model_coarse_rrf_hybrid_mw0.5_teleport10,20,50,100,29,0.6955111277611278,46,0.8637719641469641,0,0.0,57.43,0,0.0,0,0.0,0,0.0,0,0.0,0,0.0,0,0.0,0,0.0,0,0.0,0,0.0,0,0.0,0,0.0
v6final+v7clean_best+v7clean_final+v7continue_best+v7continue_final,cross_model_coarse_rrf_hybrid_mw0.5_teleport10,20,75,100,29,0.6955111277611278,68,0.9347913752913753,0,0.0,57.43,0,0.0,0,0.0,0,0.0,0,0.0,0,0.0,0,0.0,0,0.0,0,0.0,0,0.0,0,0.0,0,0.0
v6final+v7clean_best+v7clean_final+v7continue_best+v7continue_final,cross_model_coarse_rrf_hybrid_mw0.5_teleport10,20,100,100,29,0.6955111277611278,82,0.9615745643245642,0,0.0,57.43,0,0.0,0,0.0,0,0.0,0,0.0,0,0.0,0,0.0,0,0.0,0,0.0,0,0.0,0,0.0,0,0.0
v6final+v7clean_best+v7clean_final+v7continue_best+v7continue_final,cross_model_coarse_rrf_hybrid_mw0.5_teleport5,20,50,100,29,0.6955111277611278,47,0.8676608530358529,0,0.0,57.43,0,0.0,0,0.0,0,0.0,0,0.0,0,0.0,0,0.0,0,0.0,0,0.0,0,0.0,0,0.0,0,0.0
v6final+v7clean_best+v7clean_final+v7continue_best+v7continue_final,cross_model_coarse_rrf_hybrid_mw0.5_teleport5,20,75,100,29,0.6955111277611278,69,0.9382762237762238,0,0.0,57.43,0,0.0,0,0.0,0,0.0,0,0.0,0,0.0,0,0.0,0,0.0,0,0.0,0,0.0,0,0.0,0,0.0
v6final+v7clean_best+v7clean_final+v7continue_best+v7continue_final,cross_model_coarse_rrf_hybrid_mw0.5_teleport5,20,100,100,29,0.6955111277611278,83,0.9642412309912309,0,0.0,57.43,0,0.0,0,0.0,0,0.0,0,0.0,0,0.0,0,0.0,0,0.0,0,0.0,0,0.0,0,0.0,0,0.0
v6final+v7clean_best+v7clean_final+v7continue_best+v7continue_final,cross_model_coarse_rrf_hybrid_mw0.75_teleport10,20,50,100,29,0.6955111277611278,48,0.8741069208569209,0,0.0,57.43,0,0.0,0,0.0,0,0.0,0,0.0,0,0.0,0,0.0,0,0.0,0,0.0,0,0.0,0,0.0,0,0.0
v6final+v7clean_best+v7clean_final+v7continue_best+v7continue_final,cross_model_coarse_rrf_hybrid_mw0.75_teleport10,20,75,100,29,0.6955111277611278,70,0.9434012237762238,0,0.0,57.43,0,0.0,0,0.0,0,0.0,0,0.0,0,0.0,0,0.0,0,0.0,0,0.0,0,0.0,0,0.0,0,0.0
v6final+v7clean_best+v7clean_final+v7continue_best+v7continue_final,cross_model_coarse_rrf_hybrid_mw0.75_teleport10,20,100,100,29,0.6955111277611278,83,0.9638993506493506,0,0.0,57.43,0,0.0,0,0.0,0,0.0,0,0.0,0,0.0,0,0.0,0,0.0,0,0.0,0,0.0,0,0.0,0,0.0
v6final+v7clean_best+v7clean_final+v7continue_best+v7continue_final,cross_model_coarse_rrf_hybrid_mw0.75_teleport5,20,50,100,29,0.6955111277611278,49,0.8766069208569209,0,0.0,57.43,0,0.0,0,0.0,0,0.0,0,0.0,0,0.0,0,0.0,0,0.0,0,0.0,0,0.0,0,0.0,0,0.0
v6final+v7clean_best+v7clean_final+v7continue_best+v7continue_final,cross_model_coarse_rrf_hybrid_mw0.75_teleport5,20,75,100,29,0.6955111277611278,70,0.9424012237762238,0,0.0,57.43,0,0.0,0,0.0,0,0.0,0,0.0,0,0.0,0,0.0,0,0.0,0,0.0,0,0.0,0,0.0,0,0.0
v6final+v7clean_best+v7clean_final+v7continue_best+v7continue_final,cross_model_coarse_rrf_hybrid_mw0.75_teleport5,20,100,100,29,0.6955111277611278,83,0.9648993506493507,0,0.0,57.43,0,0.0,0,0.0,0,0.0,0,0.0,0,0.0,0,0.0,0,0.0,0,0.0,0,0.0,0,0.0,0,0.0
v6final+v7clean_best+v7clean_final+v7continue_best+v7continue_final,cross_model_global_fine_rrf_fixed,20,20,100,32,0.7077271478521479,32,0.7077271478521479,0,0.0,55.14,0,0.0,0,0.0,0,0.0,0,0.0,0,0.0,0,0.0,0,0.0,0,0.0,0,0.0,0,0.0,0,0.0
v6final+v7clean_best+v7clean_final+v7continue_best+v7continue_final,cross_model_global_fine_rrf_fixed,50,50,100,54,0.884511322011322,54,0.884511322011322,0,0.0,55.14,0,0.0,0,0.0,0,0.0,0,0.0,0,0.0,0,0.0,0,0.0,0,0.0,0,0.0,0,0.0,0,0.0
v6final+v7clean_best+v7clean_final+v7continue_best+v7continue_final,cross_model_global_fine_rrf_fixed,100,100,100,86,0.9729195526695527,86,0.9729195526695527,0,0.0,55.14,0,0.0,0,0.0,0,0.0,0,0.0,0,0.0,0,0.0,0,0.0,0,0.0,0,0.0,0,0.0,0,0.0
v6final+v7clean_best+v7clean_final+v7continue_best+v7continue_final,cross_model_global_fine_rrf_hybrid_mw0.25_teleport10,20,50,100,32,0.7077271478521479,44,0.8467474331224331,0,0.0,55.14,0,0.0,0,0.0,0,0.0,0,0.0,0,0.0,0,0.0,0,0.0,0,0.0,0,0.0,0,0.0,0,0.0
v6final+v7clean_best+v7clean_final+v7continue_best+v7continue_final,cross_model_global_fine_rrf_hybrid_mw0.25_teleport10,20,75,100,32,0.7077271478521479,56,0.9052569236319237,0,0.0,55.14,0,0.0,0,0.0,0,0.0,0,0.0,0,0.0,0,0.0,0,0.0,0,0.0,0,0.0,0,0.0,0,0.0
v6final+v7clean_best+v7clean_final+v7continue_best+v7continue_final,cross_model_global_fine_rrf_hybrid_mw0.25_teleport10,20,100,100,32,0.7077271478521479,78,0.9461694416694416,0,0.0,55.14,0,0.0,0,0.0,0,0.0,0,0.0,0,0.0,0,0.0,0,0.0,0,0.0,0,0.0,0,0.0,0,0.0
v6final+v7clean_best+v7clean_final+v7continue_best+v7continue_final,cross_model_global_fine_rrf_hybrid_mw0.25_teleport5,20,50,100,32,0.7077271478521479,47,0.8606684287934289,0,0.0,55.14,0,0.0,0,0.0,0,0.0,0,0.0,0,0.0,0,0.0,0,0.0,0,0.0,0,0.0,0,0.0,0,0.0
v6final+v7clean_best+v7clean_final+v7continue_best+v7continue_final,cross_model_global_fine_rrf_hybrid_mw0.25_teleport5,20,75,100,32,0.7077271478521479,60,0.9194762598512598,0,0.0,55.14,0,0.0,0,0.0,0,0.0,0,0.0,0,0.0,0,0.0,0,0.0,0,0.0,0,0.0,0,0.0,0,0.0
v6final+v7clean_best+v7clean_final+v7continue_best+v7continue_final,cross_model_global_fine_rrf_hybrid_mw0.25_teleport5,20,100,100,32,0.7077271478521479,82,0.9560586913086913,0,0.0,55.14,0,0.0,0,0.0,0,0.0,0,0.0,0,0.0,0,0.0,0,0.0,0,0.0,0,0.0,0,0.0,0,0.0
v6final+v7clean_best+v7clean_final+v7continue_best+v7continue_final,cross_model_global_fine_rrf_hybrid_mw0.5_teleport10,20,50,100,32,0.7077271478521479,51,0.8709498140748141,0,0.0,55.14,0,0.0,0,0.0,0,0.0,0,0.0,0,0.0,0,0.0,0,0.0,0,0.0,0,0.0,0,0.0,0,0.0
v6final+v7clean_best+v7clean_final+v7continue_best+v7continue_final,cross_model_global_fine_rrf_hybrid_mw0.5_teleport10,20,75,100,32,0.7077271478521479,69,0.9386385975135976,0,0.0,55.14,0,0.0,0,0.0,0,0.0,0,0.0,0,0.0,0,0.0,0,0.0,0,0.0,0,0.0,0,0.0,0,0.0
v6final+v7clean_best+v7clean_final+v7continue_best+v7continue_final,cross_model_global_fine_rrf_hybrid_mw0.5_teleport10,20,100,100,32,0.7077271478521479,84,0.966491230991231,0,0.0,55.14,0,0.0,0,0.0,0,0.0,0,0.0,0,0.0,0,0.0,0,0.0,0,0.0,0,0.0,0,0.0,0,0.0
v6final+v7clean_best+v7clean_final+v7continue_best+v7continue_final,cross_model_global_fine_rrf_hybrid_mw0.5_teleport5,20,50,100,32,0.7077271478521479,52,0.8753129093129093,0,0.0,55.14,0,0.0,0,0.0,0,0.0,0,0.0,0,0.0,0,0.0,0,0.0,0,0.0,0,0.0,0,0.0,0,0.0
v6final+v7clean_best+v7clean_final+v7continue_best+v7continue_final,cross_model_global_fine_rrf_hybrid_mw0.5_teleport5,20,75,100,32,0.7077271478521479,68,0.9401826090576091,0,0.0,55.14,0,0.0,0,0.0,0,0.0,0,0.0,0,0.0,0,0.0,0,0.0,0,0.0,0,0.0,0,0.0,0,0.0
v6final+v7clean_best+v7clean_final+v7continue_best+v7continue_final,cross_model_global_fine_rrf_hybrid_mw0.5_teleport5,20,100,100,32,0.7077271478521479,83,0.9692412309912309,0,0.0,55.14,0,0.0,0,0.0,0,0.0,0,0.0,0,0.0,0,0.0,0,0.0,0,0.0,0,0.0,0,0.0,0,0.0
v6final+v7clean_best+v7clean_final+v7continue_best+v7continue_final,cross_model_global_fine_rrf_hybrid_mw0.75_teleport10,20,50,100,32,0.7077271478521479,54,0.881486790986791,0,0.0,55.14,0,0.0,0,0.0,0,0.0,0,0.0,0,0.0,0,0.0,0,0.0,0,0.0,0,0.0,0,0.0,0,0.0
v6final+v7clean_best+v7clean_final+v7continue_best+v7continue_final,cross_model_global_fine_rrf_hybrid_mw0.75_teleport10,20,75,100,32,0.7077271478521479,72,0.9479250333000333,0,0.0,55.14,0,0.0,0,0.0,0,0.0,0,0.0,0,0.0,0,0.0,0,0.0,0,0.0,0,0.0,0,0.0,0,0.0
v6final+v7clean_best+v7clean_final+v7continue_best+v7continue_final,cross_model_global_fine_rrf_hybrid_mw0.75_teleport10,20,100,100,32,0.7077271478521479,85,0.9696973304473304,0,0.0,55.14,0,0.0,0,0.0,0,0.0,0,0.0,0,0.0,0,0.0,0,0.0,0,0.0,0,0.0,0,0.0,0,0.0
v6final+v7clean_best+v7clean_final+v7continue_best+v7continue_final,cross_model_global_fine_rrf_hybrid_mw0.75_teleport5,20,50,100,32,0.7077271478521479,54,0.8837486957486957,0,0.0,55.14,0,0.0,0,0.0,0,0.0,0,0.0,0,0.0,0,0.0,0,0.0,0,0.0,0,0.0,0,0.0,0,0.0
v6final+v7clean_best+v7clean_final+v7continue_best+v7continue_final,cross_model_global_fine_rrf_hybrid_mw0.75_teleport5,20,75,100,32,0.7077271478521479,72,0.9516750333000332,0,0.0,55.14,0,0.0,0,0.0,0,0.0,0,0.0,0,0.0,0,0.0,0,0.0,0,0.0,0,0.0,0,0.0,0,0.0
v6final+v7clean_best+v7clean_final+v7continue_best+v7continue_final,cross_model_global_fine_rrf_hybrid_mw0.75_teleport5,20,100,100,32,0.7077271478521479,86,0.9708084415584416,0,0.0,55.14,0,0.0,0,0.0,0,0.0,0,0.0,0,0.0,0,0.0,0,0.0,0,0.0,0,0.0,0,0.0,0,0.0
v7clean_best,coarse_hybrid_mw0.25_teleport10,20,50,100,16,0.5557320873570873,36,0.7802586163836164,0,0.0,66.44,0,0.0,0,0.0,0,0.0,0,0.0,0,0.0,0,0.0,0,0.0,0,0.0,0,0.0,0,0.0,0,0.0
v7clean_best,coarse_hybrid_mw0.25_teleport10,20,75,100,16,0.5557320873570873,53,0.8728343045843046,0,0.0,66.44,0,0.0,0,0.0,0,0.0,0,0.0,0,0.0,0,0.0,0,0.0,0,0.0,0,0.0,0,0.0,0,0.0
v7clean_best,coarse_hybrid_mw0.25_teleport10,20,100,100,16,0.5557320873570873,72,0.9283113275613276,0,0.0,66.44,0,0.0,0,0.0,0,0.0,0,0.0,0,0.0,0,0.0,0,0.0,0,0.0,0,0.0,0,0.0,0,0.0
v7clean_best,coarse_hybrid_mw0.25_teleport5,20,50,100,16,0.5557320873570873,40,0.8070205211455211,0,0.0,66.44,0,0.0,0,0.0,0,0.0,0,0.0,0,0.0,0,0.0,0,0.0,0,0.0,0,0.0,0,0.0,0,0.0
v7clean_best,coarse_hybrid_mw0.25_teleport5,20,75,100,16,0.5557320873570873,58,0.891151764901765,0,0.0,66.44,0,0.0,0,0.0,0,0.0,0,0.0,0,0.0,0,0.0,0,0.0,0,0.0,0,0.0,0,0.0,0,0.0
v7clean_best,coarse_hybrid_mw0.25_teleport5,20,100,100,16,0.5557320873570873,75,0.9431648629148629,0,0.0,66.44,0,0.0,0,0.0,0,0.0,0,0.0,0,0.0,0,0.0,0,0.0,0,0.0,0,0.0,0,0.0,0,0.0
v7clean_best,coarse_hybrid_mw0.5_teleport10,20,50,100,16,0.5557320873570873,42,0.809794080919081,0,0.0,66.44,0,0.0,0,0.0,0,0.0,0,0.0,0,0.0,0,0.0,0,0.0,0,0.0,0,0.0,0,0.0,0,0.0
v7clean_best,coarse_hybrid_mw0.5_teleport10,20,75,100,16,0.5557320873570873,58,0.9034533522033521,0,0.0,66.44,0,0.0,0,0.0,0,0.0,0,0.0,0,0.0,0,0.0,0,0.0,0,0.0,0,0.0,0,0.0,0,0.0
v7clean_best,coarse_hybrid_mw0.5_teleport10,20,100,100,16,0.5557320873570873,77,0.9478434343434344,0,0.0,66.44,0,0.0,0,0.0,0,0.0,0,0.0,0,0.0,0,0.0,0,0.0,0,0.0,0,0.0,0,0.0,0,0.0
v7clean_best,coarse_hybrid_mw0.5_teleport5,20,50,100,16,0.5557320873570873,39,0.8098816322566322,0,0.0,66.44,0,0.0,0,0.0,0,0.0,0,0.0,0,0.0,0,0.0,0,0.0,0,0.0,0,0.0,0,0.0,0,0.0
v7clean_best,coarse_hybrid_mw0.5_teleport5,20,75,100,16,0.5557320873570873,61,0.9072150072150071,0,0.0,66.44,0,0.0,0,0.0,0,0.0,0,0.0,0,0.0,0,0.0,0,0.0,0,0.0,0,0.0,0,0.0,0,0.0
v7clean_best,coarse_hybrid_mw0.5_teleport5,20,100,100,16,0.5557320873570873,79,0.9534386724386724,0,0.0,66.44,0,0.0,0,0.0,0,0.0,0,0.0,0,0.0,0,0.0,0,0.0,0,0.0,0,0.0,0,0.0,0,0.0
v7clean_best,coarse_hybrid_mw0.75_teleport10,20,50,100,16,0.5557320873570873,42,0.819943500943501,0,0.0,66.44,0,0.0,0,0.0,0,0.0,0,0.0,0,0.0,0,0.0,0,0.0,0,0.0,0,0.0,0,0.0,0,0.0
v7clean_best,coarse_hybrid_mw0.75_teleport10,20,75,100,16,0.5557320873570873,63,0.9114864718614719,0,0.0,66.44,0,0.0,0,0.0,0,0.0,0,0.0,0,0.0,0,0.0,0,0.0,0,0.0,0,0.0,0,0.0,0,0.0
v7clean_best,coarse_hybrid_mw0.75_teleport10,20,100,100,16,0.5557320873570873,81,0.9567720057720058,0,0.0,66.44,0,0.0,0,0.0,0,0.0,0,0.0,0,0.0,0,0.0,0,0.0,0,0.0,0,0.0,0,0.0,0,0.0
v7clean_best,coarse_hybrid_mw0.75_teleport5,20,50,100,16,0.5557320873570873,43,0.8254232989232989,0,0.0,66.44,0,0.0,0,0.0,0,0.0,0,0.0,0,0.0,0,0.0,0,0.0,0,0.0,0,0.0,0,0.0,0,0.0
v7clean_best,coarse_hybrid_mw0.75_teleport5,20,75,100,16,0.5557320873570873,62,0.9089669913419914,0,0.0,66.44,0,0.0,0,0.0,0,0.0,0,0.0,0,0.0,0,0.0,0,0.0,0,0.0,0,0.0,0,0.0,0,0.0
v7clean_best,coarse_hybrid_mw0.75_teleport5,20,100,100,16,0.5557320873570873,81,0.9567720057720058,0,0.0,66.44,0,0.0,0,0.0,0,0.0,0,0.0,0,0.0,0,0.0,0,0.0,0,0.0,0,0.0,0,0.0,0,0.0
v7clean_best,dual_hybrid_rrf_mw0.25_teleport10,20,50,100,18,0.5874208707958708,38,0.7950522671772672,0,0.0,66.44,0,0.0,0,0.0,0,0.0,0,0.0,0,0.0,0,0.0,0,0.0,0,0.0,0,0.0,0,0.0,0,0.0
v7clean_best,dual_hybrid_rrf_mw0.25_teleport10,20,75,100,18,0.5874208707958708,56,0.8848752497502497,0,0.0,66.44,0,0.0,0,0.0,0,0.0,0,0.0,0,0.0,0,0.0,0,0.0,0,0.0,0,0.0,0,0.0,0,0.0
v7clean_best,dual_hybrid_rrf_mw0.25_teleport10,20,100,100,18,0.5874208707958708,74,0.9337398989898991,0,0.0,66.44,0,0.0,0,0.0,0,0.0,0,0.0,0,0.0,0,0.0,0,0.0,0,0.0,0,0.0,0,0.0,0,0.0
v7clean_best,dual_hybrid_rrf_mw0.25_teleport5,20,50,100,18,0.582232017982018,41,0.8094884143634143,0,0.0,66.44,0,0.0,0,0.0,0,0.0,0,0.0,0,0.0,0,0.0,0,0.0,0,0.0,0,0.0,0,0.0,0,0.0
v7clean_best,dual_hybrid_rrf_mw0.25_teleport5,20,75,100,18,0.582232017982018,57,0.8910664474414475,0,0.0,66.44,0,0.0,0,0.0,0,0.0,0,0.0,0,0.0,0,0.0,0,0.0,0,0.0,0,0.0,0,0.0,0,0.0
v7clean_best,dual_hybrid_rrf_mw0.25_teleport5,20,100,100,18,0.582232017982018,78,0.9499108946608946,0,0.0,66.44,0,0.0,0,0.0,0,0.0,0,0.0,0,0.0,0,0.0,0,0.0,0,0.0,0,0.0,0,0.0,0,0.0
v7clean_best,dual_hybrid_rrf_mw0.5_teleport10,20,50,100,18,0.5830415417915418,45,0.822377664002664,0,0.0,66.44,0,0.0,0,0.0,0,0.0,0,0.0,0,0.0,0,0.0,0,0.0,0,0.0,0,0.0,0,0.0,0,0.0
v7clean_best,dual_hybrid_rrf_mw0.5_teleport10,20,75,100,18,0.5830415417915418,61,0.9066414835164835,0,0.0,66.44,0,0.0,0,0.0,0,0.0,0,0.0,0,0.0,0,0.0,0,0.0,0,0.0,0,0.0,0,0.0,0,0.0
v7clean_best,dual_hybrid_rrf_mw0.5_teleport10,20,100,100,18,0.5830415417915418,80,0.9564505772005772,0,0.0,66.44,0,0.0,0,0.0,0,0.0,0,0.0,0,0.0,0,0.0,0,0.0,0,0.0,0,0.0,0,0.0,0,0.0
v7clean_best,dual_hybrid_rrf_mw0.5_teleport5,20,50,100,18,0.5770213397713397,44,0.8246243062493062,0,0.0,66.44,0,0.0,0,0.0,0,0.0,0,0.0,0,0.0,0,0.0,0,0.0,0,0.0,0,0.0,0,0.0,0,0.0
v7clean_best,dual_hybrid_rrf_mw0.5_teleport5,20,75,100,18,0.5770213397713397,65,0.9163392857142857,0,0.0,66.44,0,0.0,0,0.0,0,0.0,0,0.0,0,0.0,0,0.0,0,0.0,0,0.0,0,0.0,0,0.0,0,0.0
v7clean_best,dual_hybrid_rrf_mw0.5_teleport5,20,100,100,18,0.5770213397713397,82,0.9594505772005771,0,0.0,66.44,0,0.0,0,0.0,0,0.0,0,0.0,0,0.0,0,0.0,0,0.0,0,0.0,0,0.0,0,0.0,0,0.0
v7clean_best,dual_hybrid_rrf_mw0.75_teleport10,20,50,100,19,0.577142982017982,44,0.8242817044067045,0,0.0,66.44,0,0.0,0,0.0,0,0.0,0,0.0,0,0.0,0,0.0,0,0.0,0,0.0,0,0.0,0,0.0,0,0.0
v7clean_best,dual_hybrid_rrf_mw0.75_teleport10,20,75,100,19,0.577142982017982,66,0.9202367216117215,0,0.0,66.44,0,0.0,0,0.0,0,0.0,0,0.0,0,0.0,0,0.0,0,0.0,0,0.0,0,0.0,0,0.0,0,0.0
v7clean_best,dual_hybrid_rrf_mw0.75_teleport10,20,100,100,19,0.577142982017982,81,0.957089466089466,0,0.0,66.44,0,0.0,0,0.0,0,0.0,0,0.0,0,0.0,0,0.0,0,0.0,0,0.0,0,0.0,0,0.0,0,0.0
v7clean_best,dual_hybrid_rrf_mw0.75_teleport5,20,50,100,18,0.5738096486846487,45,0.8256705932955932,0,0.0,66.44,0,0.0,0,0.0,0,0.0,0,0.0,0,0.0,0,0.0,0,0.0,0,0.0,0,0.0,0,0.0,0,0.0
v7clean_best,dual_hybrid_rrf_mw0.75_teleport5,20,75,100,18,0.5738096486846487,67,0.917577380952381,0,0.0,66.44,0,0.0,0,0.0,0,0.0,0,0.0,0,0.0,0,0.0,0,0.0,0,0.0,0,0.0,0,0.0,0,0.0
v7clean_best,dual_hybrid_rrf_mw0.75_teleport5,20,100,100,18,0.5738096486846487,80,0.9566331168831169,0,0.0,66.44,0,0.0,0,0.0,0,0.0,0,0.0,0,0.0,0,0.0,0,0.0,0,0.0,0,0.0,0,0.0,0,0.0
v7clean_best,fixed,20,20,100,16,0.5557320873570873,16,0.5557320873570873,0,0.0,66.44,0,0.0,0,0.0,0,0.0,0,0.0,0,0.0,0,0.0,0,0.0,0,0.0,0,0.0,0,0.0,0,0.0
v7clean_best,fixed,50,50,100,43,0.8232761127761128,43,0.8232761127761128,0,0.0,66.44,0,0.0,0,0.0,0,0.0,0,0.0,0,0.0,0,0.0,0,0.0,0,0.0,0,0.0,0,0.0,0,0.0
v7clean_best,fixed,100,100,100,79,0.9539588744588744,79,0.9539588744588744,0,0.0,66.44,0,0.0,0,0.0,0,0.0,0,0.0,0,0.0,0,0.0,0,0.0,0,0.0,0,0.0,0,0.0,0,0.0
v7clean_best,fixed_dual_hybrid_rrf_mw0.25_teleport10,20,50,100,16,0.5601556082806083,42,0.8130675296925297,0,0.0,66.44,0,0.0,0,0.0,0,0.0,0,0.0,0,0.0,0,0.0,0,0.0,0,0.0,0,0.0,0,0.0,0,0.0
v7clean_best,fixed_dual_hybrid_rrf_mw0.25_teleport10,20,75,100,16,0.5601556082806083,59,0.8971934315684316,0,0.0,66.44,0,0.0,0,0.0,0,0.0,0,0.0,0,0.0,0,0.0,0,0.0,0,0.0,0,0.0,0,0.0,0,0.0
v7clean_best,fixed_dual_hybrid_rrf_mw0.25_teleport10,20,100,100,16,0.5601556082806083,79,0.9544505772005771,0,0.0,66.44,0,0.0,0,0.0,0,0.0,0,0.0,0,0.0,0,0.0,0,0.0,0,0.0,0,0.0,0,0.0,0,0.0
v7clean_best,fixed_dual_hybrid_rrf_mw0.25_teleport5,20,50,100,17,0.5649139055389055,44,0.8185003191253192,0,0.0,66.44,0,0.0,0,0.0,0,0.0,0,0.0,0,0.0,0,0.0,0,0.0,0,0.0,0,0.0,0,0.0,0,0.0
v7clean_best,fixed_dual_hybrid_rrf_mw0.25_teleport5,20,75,100,17,0.5649139055389055,64,0.9123079004329004,0,0.0,66.44,0,0.0,0,0.0,0,0.0,0,0.0,0,0.0,0,0.0,0,0.0,0,0.0,0,0.0,0,0.0,0,0.0
v7clean_best,fixed_dual_hybrid_rrf_mw0.25_teleport5,20,100,100,17,0.5649139055389055,80,0.9546886724386724,0,0.0,66.44,0,0.0,0,0.0,0,0.0,0,0.0,0,0.0,0,0.0,0,0.0,0,0.0,0,0.0,0,0.0,0,0.0
v7clean_best,fixed_dual_hybrid_rrf_mw0.5_teleport10,20,50,100,16,0.558842476967477,45,0.8213740564990565,0,0.0,66.44,0,0.0,0,0.0,0,0.0,0,0.0,0,0.0,0,0.0,0,0.0,0,0.0,0,0.0,0,0.0,0,0.0
v7clean_best,fixed_dual_hybrid_rrf_mw0.5_teleport10,20,75,100,16,0.558842476967477,64,0.9149748168498167,0,0.0,66.44,0,0.0,0,0.0,0,0.0,0,0.0,0,0.0,0,0.0,0,0.0,0,0.0,0,0.0,0,0.0,0,0.0
v7clean_best,fixed_dual_hybrid_rrf_mw0.5_teleport10,20,100,100,16,0.558842476967477,82,0.9593116883116883,0,0.0,66.44,0,0.0,0,0.0,0,0.0,0,0.0,0,0.0,0,0.0,0,0.0,0,0.0,0,0.0,0,0.0,0,0.0
v7clean_best,fixed_dual_hybrid_rrf_mw0.5_teleport5,20,50,100,17,0.563842476967477,46,0.8304692945942946,0,0.0,66.44,0,0.0,0,0.0,0,0.0,0,0.0,0,0.0,0,0.0,0,0.0,0,0.0,0,0.0,0,0.0,0,0.0
v7clean_best,fixed_dual_hybrid_rrf_mw0.5_teleport5,20,75,100,17,0.563842476967477,65,0.9171726190476189,0,0.0,66.44,0,0.0,0,0.0,0,0.0,0,0.0,0,0.0,0,0.0,0,0.0,0,0.0,0,0.0,0,0.0,0,0.0
v7clean_best,fixed_dual_hybrid_rrf_mw0.5_teleport5,20,100,100,17,0.563842476967477,82,0.9588831168831169,0,0.0,66.44,0,0.0,0,0.0,0,0.0,0,0.0,0,0.0,0,0.0,0,0.0,0,0.0,0,0.0,0,0.0,0,0.0
v7clean_best,fixed_dual_hybrid_rrf_mw0.75_teleport10,20,50,100,17,0.5631000527250527,46,0.8287079309579309,0,0.0,66.44,0,0.0,0,0.0,0,0.0,0,0.0,0,0.0,0,0.0,0,0.0,0,0.0,0,0.0,0,0.0,0,0.0
v7clean_best,fixed_dual_hybrid_rrf_mw0.75_teleport10,20,75,100,17,0.5631000527250527,65,0.91633170995671,0,0.0,66.44,0,0.0,0,0.0,0,0.0,0,0.0,0,0.0,0,0.0,0,0.0,0,0.0,0,0.0,0,0.0,0,0.0
v7clean_best,fixed_dual_hybrid_rrf_mw0.75_teleport10,20,100,100,17,0.5631000527250527,80,0.9555220057720057,0,0.0,66.44,0,0.0,0,0.0,0,0.0,0,0.0,0,0.0,0,0.0,0,0.0,0,0.0,0,0.0,0,0.0,0,0.0
v7clean_best,fixed_dual_hybrid_rrf_mw0.75_teleport5,20,50,100,17,0.5647667193917194,46,0.8296170218670218,0,0.0,66.44,0,0.0,0,0.0,0,0.0,0,0.0,0,0.0,0,0.0,0,0.0,0,0.0,0,0.0,0,0.0,0,0.0
v7clean_best,fixed_dual_hybrid_rrf_mw0.75_teleport5,20,75,100,17,0.5647667193917194,65,0.91633170995671,0,0.0,66.44,0,0.0,0,0.0,0,0.0,0,0.0,0,0.0,0,0.0,0,0.0,0,0.0,0,0.0,0,0.0,0,0.0
v7clean_best,fixed_dual_hybrid_rrf_mw0.75_teleport5,20,100,100,17,0.5647667193917194,81,0.9576331168831169,0,0.0,66.44,0,0.0,0,0.0,0,0.0,0,0.0,0,0.0,0,0.0,0,0.0,0,0.0,0,0.0,0,0.0,0,0.0
v7clean_best,global_fine_rrf_fixed,20,20,100,19,0.5798939532689533,19,0.5798939532689533,0,0.0,66.44,0,0.0,0,0.0,0,0.0,0,0.0,0,0.0,0,0.0,0,0.0,0,0.0,0,0.0,0,0.0,0,0.0
v7clean_best,global_fine_rrf_fixed,50,50,100,42,0.8149700854700854,42,0.8149700854700854,0,0.0,66.44,0,0.0,0,0.0,0,0.0,0,0.0,0,0.0,0,0.0,0,0.0,0,0.0,0,0.0,0,0.0,0,0.0
v7clean_best,global_fine_rrf_fixed,100,100,100,81,0.959319264069264,81,0.959319264069264,0,0.0,66.44,0,0.0,0,0.0,0,0.0,0,0.0,0,0.0,0,0.0,0,0.0,0,0.0,0,0.0,0,0.0,0,0.0
v7clean_best,global_fine_rrf_hybrid_mw0.25_teleport10,20,50,100,19,0.5798939532689533,41,0.8023068459318459,0,0.0,66.44,0,0.0,0,0.0,0,0.0,0,0.0,0,0.0,0,0.0,0,0.0,0,0.0,0,0.0,0,0.0,0,0.0
v7clean_best,global_fine_rrf_hybrid_mw0.25_teleport10,20,75,100,19,0.5798939532689533,54,0.8767161588411588,0,0.0,66.44,0,0.0,0,0.0,0,0.0,0,0.0,0,0.0,0,0.0,0,0.0,0,0.0,0,0.0,0,0.0,0,0.0
v7clean_best,global_fine_rrf_hybrid_mw0.25_teleport10,20,100,100,19,0.5798939532689533,74,0.9320891053391054,0,0.0,66.44,0,0.0,0,0.0,0,0.0,0,0.0,0,0.0,0,0.0,0,0.0,0,0.0,0,0.0,0,0.0,0,0.0
v7clean_best,global_fine_rrf_hybrid_mw0.25_teleport5,20,50,100,19,0.5798939532689533,42,0.8063679931179931,0,0.0,66.44,0,0.0,0,0.0,0,0.0,0,0.0,0,0.0,0,0.0,0,0.0,0,0.0,0,0.0,0,0.0,0,0.0
v7clean_best,global_fine_rrf_hybrid_mw0.25_teleport5,20,75,100,19,0.5798939532689533,58,0.8911497807747807,0,0.0,66.44,0,0.0,0,0.0,0,0.0,0,0.0,0,0.0,0,0.0,0,0.0,0,0.0,0,0.0,0,0.0,0,0.0
v7clean_best,global_fine_rrf_hybrid_mw0.25_teleport5,20,100,100,19,0.5798939532689533,78,0.9475775613275613,0,0.0,66.44,0,0.0,0,0.0,0,0.0,0,0.0,0,0.0,0,0.0,0,0.0,0,0.0,0,0.0,0,0.0,0,0.0
v7clean_best,global_fine_rrf_hybrid_mw0.5_teleport10,20,50,100,19,0.5798939532689533,44,0.8192132312132313,0,0.0,66.44,0,0.0,0,0.0,0,0.0,0,0.0,0,0.0,0,0.0,0,0.0,0,0.0,0,0.0,0,0.0,0,0.0
v7clean_best,global_fine_rrf_hybrid_mw0.5_teleport10,20,75,100,19,0.5798939532689533,63,0.9076490592740594,0,0.0,66.44,0,0.0,0,0.0,0,0.0,0,0.0,0,0.0,0,0.0,0,0.0,0,0.0,0,0.0,0,0.0,0,0.0
v7clean_best,global_fine_rrf_hybrid_mw0.5_teleport10,20,100,100,19,0.5798939532689533,82,0.9608950216450216,0,0.0,66.44,0,0.0,0,0.0,0,0.0,0,0.0,0,0.0,0,0.0,0,0.0,0,0.0,0,0.0,0,0.0,0,0.0
v7clean_best,global_fine_rrf_hybrid_mw0.5_teleport5,20,50,100,19,0.5798939532689533,43,0.8266897824397824,0,0.0,66.44,0,0.0,0,0.0,0,0.0,0,0.0,0,0.0,0,0.0,0,0.0,0,0.0,0,0.0,0,0.0,0,0.0
v7clean_best,global_fine_rrf_hybrid_mw0.5_teleport5,20,75,100,19,0.5798939532689533,63,0.9102284243534244,0,0.0,66.44,0,0.0,0,0.0,0,0.0,0,0.0,0,0.0,0,0.0,0,0.0,0,0.0,0,0.0,0,0.0,0,0.0
v7clean_best,global_fine_rrf_hybrid_mw0.5_teleport5,20,100,100,19,0.5798939532689533,82,0.9596727994227995,0,0.0,66.44,0,0.0,0,0.0,0,0.0,0,0.0,0,0.0,0,0.0,0,0.0,0,0.0,0,0.0,0,0.0,0,0.0
v7clean_best,global_fine_rrf_hybrid_mw0.75_teleport10,20,50,100,19,0.5798939532689533,46,0.829846930846931,0,0.0,66.44,0,0.0,0,0.0,0,0.0,0,0.0,0,0.0,0,0.0,0,0.0,0,0.0,0,0.0,0,0.0,0,0.0
v7clean_best,global_fine_rrf_hybrid_mw0.75_teleport10,20,75,100,19,0.5798939532689533,65,0.9172764041514041,0,0.0,66.44,0,0.0,0,0.0,0,0.0,0,0.0,0,0.0,0,0.0,0,0.0,0,0.0,0,0.0,0,0.0,0,0.0
v7clean_best,global_fine_rrf_hybrid_mw0.75_teleport10,20,100,100,19,0.5798939532689533,82,0.9607839105339105,0,0.0,66.44,0,0.0,0,0.0,0,0.0,0,0.0,0,0.0,0,0.0,0,0.0,0,0.0,0,0.0,0,0.0,0,0.0
v7clean_best,global_fine_rrf_hybrid_mw0.75_teleport5,20,50,100,19,0.5798939532689533,46,0.8268267288267289,0,0.0,66.44,0,0.0,0,0.0,0,0.0,0,0.0,0,0.0,0,0.0,0,0.0,0,0.0,0,0.0,0,0.0,0,0.0
v7clean_best,global_fine_rrf_hybrid_mw0.75_teleport5,20,75,100,19,0.5798939532689533,66,0.9152678571428571,0,0.0,66.44,0,0.0,0,0.0,0,0.0,0,0.0,0,0.0,0,0.0,0,0.0,0,0.0,0,0.0,0,0.0,0,0.0
v7clean_best,global_fine_rrf_hybrid_mw0.75_teleport5,20,100,100,19,0.5798939532689533,82,0.9609859307359307,0,0.0,66.44,0,0.0,0,0.0,0,0.0,0,0.0,0,0.0,0,0.0,0,0.0,0,0.0,0,0.0,0,0.0,0,0.0
v7clean_final,coarse_hybrid_mw0.25_teleport10,20,50,100,21,0.6201083222333222,40,0.8000760767010767,0,0.0,65.04,0,0.0,0,0.0,0,0.0,0,0.0,0,0.0,0,0.0,0,0.0,0,0.0,0,0.0,0,0.0,0,0.0
v7clean_final,coarse_hybrid_mw0.25_teleport10,20,75,100,21,0.6201083222333222,51,0.8675871905871905,0,0.0,65.04,0,0.0,0,0.0,0,0.0,0,0.0,0,0.0,0,0.0,0,0.0,0,0.0,0,0.0,0,0.0,0,0.0
v7clean_final,coarse_hybrid_mw0.25_teleport10,20,100,100,21,0.6201083222333222,71,0.9259151126651126,0,0.0,65.04,0,0.0,0,0.0,0,0.0,0,0.0,0,0.0,0,0.0,0,0.0,0,0.0,0,0.0,0,0.0,0,0.0
v7clean_final,coarse_hybrid_mw0.25_teleport5,20,50,100,21,0.6201083222333222,40,0.8092622238872239,0,0.0,65.04,0,0.0,0,0.0,0,0.0,0,0.0,0,0.0,0,0.0,0,0.0,0,0.0,0,0.0,0,0.0,0,0.0
v7clean_final,coarse_hybrid_mw0.25_teleport5,20,75,100,21,0.6201083222333222,54,0.8924553363303364,0,0.0,65.04,0,0.0,0,0.0,0,0.0,0,0.0,0,0.0,0,0.0,0,0.0,0,0.0,0,0.0,0,0.0,0,0.0
v7clean_final,coarse_hybrid_mw0.25_teleport5,20,100,100,21,0.6201083222333222,74,0.9380464257964257,0,0.0,65.04,0,0.0,0,0.0,0,0.0,0,0.0,0,0.0,0,0.0,0,0.0,0,0.0,0,0.0,0,0.0,0,0.0
v7clean_final,coarse_hybrid_mw0.5_teleport10,20,50,100,21,0.6201083222333222,42,0.8280274864024864,0,0.0,65.04,0,0.0,0,0.0,0,0.0,0,0.0,0,0.0,0,0.0,0,0.0,0,0.0,0,0.0,0,0.0,0,0.0
v7clean_final,coarse_hybrid_mw0.5_teleport10,20,75,100,21,0.6201083222333222,59,0.9016692612942613,0,0.0,65.04,0,0.0,0,0.0,0,0.0,0,0.0,0,0.0,0,0.0,0,0.0,0,0.0,0,0.0,0,0.0,0,0.0
v7clean_final,coarse_hybrid_mw0.5_teleport10,20,100,100,21,0.6201083222333222,75,0.9405861083361082,0,0.0,65.04,0,0.0,0,0.0,0,0.0,0,0.0,0,0.0,0,0.0,0,0.0,0,0.0,0,0.0,0,0.0,0,0.0
v7clean_final,coarse_hybrid_mw0.5_teleport5,20,50,100,21,0.6201083222333222,42,0.8270155816405818,0,0.0,65.04,0,0.0,0,0.0,0,0.0,0,0.0,0,0.0,0,0.0,0,0.0,0,0.0,0,0.0,0,0.0,0,0.0
v7clean_final,coarse_hybrid_mw0.5_teleport5,20,75,100,21,0.6201083222333222,58,0.9028207764457764,0,0.0,65.04,0,0.0,0,0.0,0,0.0,0,0.0,0,0.0,0,0.0,0,0.0,0,0.0,0,0.0,0,0.0,0,0.0
v7clean_final,coarse_hybrid_mw0.5_teleport5,20,100,100,21,0.6201083222333222,77,0.9503480130980131,0,0.0,65.04,0,0.0,0,0.0,0,0.0,0,0.0,0,0.0,0,0.0,0,0.0,0,0.0,0,0.0,0,0.0,0,0.0
v7clean_final,coarse_hybrid_mw0.75_teleport10,20,50,100,21,0.6201083222333222,44,0.8349997086247086,0,0.0,65.04,0,0.0,0,0.0,0,0.0,0,0.0,0,0.0,0,0.0,0,0.0,0,0.0,0,0.0,0,0.0,0,0.0
v7clean_final,coarse_hybrid_mw0.75_teleport10,20,75,100,21,0.6201083222333222,62,0.9098187923187924,0,0.0,65.04,0,0.0,0,0.0,0,0.0,0,0.0,0,0.0,0,0.0,0,0.0,0,0.0,0,0.0,0,0.0,0,0.0
v7clean_final,coarse_hybrid_mw0.75_teleport10,20,100,100,21,0.6201083222333222,80,0.9543437950937951,0,0.0,65.04,0,0.0,0,0.0,0,0.0,0,0.0,0,0.0,0,0.0,0,0.0,0,0.0,0,0.0,0,0.0,0,0.0
v7clean_final,coarse_hybrid_mw0.75_teleport5,20,50,100,21,0.6201083222333222,45,0.8374997086247086,0,0.0,65.04,0,0.0,0,0.0,0,0.0,0,0.0,0,0.0,0,0.0,0,0.0,0,0.0,0,0.0,0,0.0,0,0.0
v7clean_final,coarse_hybrid_mw0.75_teleport5,20,75,100,21,0.6201083222333222,63,0.9128382728382728,0,0.0,65.04,0,0.0,0,0.0,0,0.0,0,0.0,0,0.0,0,0.0,0,0.0,0,0.0,0,0.0,0,0.0,0,0.0
v7clean_final,coarse_hybrid_mw0.75_teleport5,20,100,100,21,0.6201083222333222,80,0.9543437950937951,0,0.0,65.04,0,0.0,0,0.0,0,0.0,0,0.0,0,0.0,0,0.0,0,0.0,0,0.0,0,0.0,0,0.0,0,0.0
v7clean_final,dual_hybrid_rrf_mw0.25_teleport10,20,50,100,23,0.6350865662115662,39,0.8151852036852038,0,0.0,65.04,0,0.0,0,0.0,0,0.0,0,0.0,0,0.0,0,0.0,0,0.0,0,0.0,0,0.0,0,0.0,0,0.0
v7clean_final,dual_hybrid_rrf_mw0.25_teleport10,20,75,100,23,0.6350865662115662,53,0.8837442973692974,0,0.0,65.04,0,0.0,0,0.0,0,0.0,0,0.0,0,0.0,0,0.0,0,0.0,0,0.0,0,0.0,0,0.0,0,0.0
v7clean_final,dual_hybrid_rrf_mw0.25_teleport10,20,100,100,23,0.6350865662115662,72,0.9367484459984461,0,0.0,65.04,0,0.0,0,0.0,0,0.0,0,0.0,0,0.0,0,0.0,0,0.0,0,0.0,0,0.0,0,0.0,0,0.0
v7clean_final,dual_hybrid_rrf_mw0.25_teleport5,20,50,100,23,0.6351540265290265,41,0.8187602397602397,0,0.0,65.04,0,0.0,0,0.0,0,0.0,0,0.0,0,0.0,0,0.0,0,0.0,0,0.0,0,0.0,0,0.0,0,0.0
v7clean_final,dual_hybrid_rrf_mw0.25_teleport5,20,75,100,23,0.6351540265290265,55,0.900324383949384,0,0.0,65.04,0,0.0,0,0.0,0,0.0,0,0.0,0,0.0,0,0.0,0,0.0,0,0.0,0,0.0,0,0.0,0,0.0
v7clean_final,dual_hybrid_rrf_mw0.25_teleport5,20,100,100,23,0.6351540265290265,78,0.9453638861138862,0,0.0,65.04,0,0.0,0,0.0,0,0.0,0,0.0,0,0.0,0,0.0,0,0.0,0,0.0,0,0.0,0,0.0,0,0.0
v7clean_final,dual_hybrid_rrf_mw0.5_teleport10,20,50,100,23,0.627610014985015,44,0.8318598068598068,0,0.0,65.04,0,0.0,0,0.0,0,0.0,0,0.0,0,0.0,0,0.0,0,0.0,0,0.0,0,0.0,0,0.0,0,0.0
v7clean_final,dual_hybrid_rrf_mw0.5_teleport10,20,75,100,23,0.627610014985015,60,0.9024665195915196,0,0.0,65.04,0,0.0,0,0.0,0,0.0,0,0.0,0,0.0,0,0.0,0,0.0,0,0.0,0,0.0,0,0.0,0,0.0
v7clean_final,dual_hybrid_rrf_mw0.5_teleport10,20,100,100,23,0.627610014985015,77,0.946752775002775,0,0.0,65.04,0,0.0,0,0.0,0,0.0,0,0.0,0,0.0,0,0.0,0,0.0,0,0.0,0,0.0,0,0.0,0,0.0
v7clean_final,dual_hybrid_rrf_mw0.5_teleport5,20,50,100,23,0.6311579947829948,43,0.827200715950716,0,0.0,65.04,0,0.0,0,0.0,0,0.0,0,0.0,0,0.0,0,0.0,0,0.0,0,0.0,0,0.0,0,0.0,0,0.0
v7clean_final,dual_hybrid_rrf_mw0.5_teleport5,20,75,100,23,0.6311579947829948,61,0.9073914835164836,0,0.0,65.04,0,0.0,0,0.0,0,0.0,0,0.0,0,0.0,0,0.0,0,0.0,0,0.0,0,0.0,0,0.0,0,0.0
v7clean_final,dual_hybrid_rrf_mw0.5_teleport5,20,100,100,23,0.6311579947829948,80,0.9550861083361083,0,0.0,65.04,0,0.0,0,0.0,0,0.0,0,0.0,0,0.0,0,0.0,0,0.0,0,0.0,0,0.0,0,0.0,0,0.0
v7clean_final,dual_hybrid_rrf_mw0.75_teleport10,20,50,100,23,0.6291251665001665,46,0.8495383782883783,0,0.0,65.04,0,0.0,0,0.0,0,0.0,0,0.0,0,0.0,0,0.0,0,0.0,0,0.0,0,0.0,0,0.0,0,0.0
v7clean_final,dual_hybrid_rrf_mw0.75_teleport10,20,75,100,23,0.6291251665001665,66,0.9195175657675658,0,0.0,65.04,0,0.0,0,0.0,0,0.0,0,0.0,0,0.0,0,0.0,0,0.0,0,0.0,0,0.0,0,0.0,0,0.0
v7clean_final,dual_hybrid_rrf_mw0.75_teleport10,20,100,100,23,0.6291251665001665,82,0.9610937950937951,0,0.0,65.04,0,0.0,0,0.0,0,0.0,0,0.0,0,0.0,0,0.0,0,0.0,0,0.0,0,0.0,0,0.0,0,0.0
v7clean_final,dual_hybrid_rrf_mw0.75_teleport5,20,50,100,23,0.6303517177267177,47,0.8506494893994894,0,0.0,65.04,0,0.0,0,0.0,0,0.0,0,0.0,0,0.0,0,0.0,0,0.0,0,0.0,0,0.0,0,0.0,0,0.0
v7clean_final,dual_hybrid_rrf_mw0.75_teleport5,20,75,100,23,0.6303517177267177,65,0.9182751415251416,0,0.0,65.04,0,0.0,0,0.0,0,0.0,0,0.0,0,0.0,0,0.0,0,0.0,0,0.0,0,0.0,0,0.0,0,0.0
v7clean_final,dual_hybrid_rrf_mw0.75_teleport5,20,100,100,23,0.6303517177267177,81,0.9601847041847041,0,0.0,65.04,0,0.0,0,0.0,0,0.0,0,0.0,0,0.0,0,0.0,0,0.0,0,0.0,0,0.0,0,0.0,0,0.0
v7clean_final,fixed,20,20,100,21,0.6201083222333222,21,0.6201083222333222,0,0.0,65.04,0,0.0,0,0.0,0,0.0,0,0.0,0,0.0,0,0.0,0,0.0,0,0.0,0,0.0,0,0.0,0,0.0
v7clean_final,fixed,50,50,100,44,0.832853243978244,44,0.832853243978244,0,0.0,65.04,0,0.0,0,0.0,0,0.0,0,0.0,0,0.0,0,0.0,0,0.0,0,0.0,0,0.0,0,0.0,0,0.0
v7clean_final,fixed,100,100,100,80,0.952482683982684,80,0.952482683982684,0,0.0,65.04,0,0.0,0,0.0,0,0.0,0,0.0,0,0.0,0,0.0,0,0.0,0,0.0,0,0.0,0,0.0,0,0.0
v7clean_final,fixed_dual_hybrid_rrf_mw0.25_teleport10,20,50,100,22,0.6272683843933844,42,0.826107461982462,0,0.0,65.04,0,0.0,0,0.0,0,0.0,0,0.0,0,0.0,0,0.0,0,0.0,0,0.0,0,0.0,0,0.0,0,0.0
v7clean_final,fixed_dual_hybrid_rrf_mw0.25_teleport10,20,75,100,22,0.6272683843933844,59,0.9019407259407259,0,0.0,65.04,0,0.0,0,0.0,0,0.0,0,0.0,0,0.0,0,0.0,0,0.0,0,0.0,0,0.0,0,0.0,0,0.0
v7clean_final,fixed_dual_hybrid_rrf_mw0.25_teleport10,20,100,100,22,0.6272683843933844,77,0.9437174214674215,0,0.0,65.04,0,0.0,0,0.0,0,0.0,0,0.0,0,0.0,0,0.0,0,0.0,0,0.0,0,0.0,0,0.0,0,0.0
v7clean_final,fixed_dual_hybrid_rrf_mw0.25_teleport5,20,50,100,22,0.6276092934842935,43,0.8327443667443667,0,0.0,65.04,0,0.0,0,0.0,0,0.0,0,0.0,0,0.0,0,0.0,0,0.0,0,0.0,0,0.0,0,0.0,0,0.0
v7clean_final,fixed_dual_hybrid_rrf_mw0.25_teleport5,20,75,100,22,0.6276092934842935,58,0.9070668081918082,0,0.0,65.04,0,0.0,0,0.0,0,0.0,0,0.0,0,0.0,0,0.0,0,0.0,0,0.0,0,0.0,0,0.0,0,0.0
v7clean_final,fixed_dual_hybrid_rrf_mw0.25_teleport5,20,100,100,22,0.6276092934842935,81,0.955384088134088,0,0.0,65.04,0,0.0,0,0.0,0,0.0,0,0.0,0,0.0,0,0.0,0,0.0,0,0.0,0,0.0,0,0.0,0,0.0
v7clean_final,fixed_dual_hybrid_rrf_mw0.5_teleport10,20,50,100,22,0.6262683843933844,45,0.8367284937284937,0,0.0,65.04,0,0.0,0,0.0,0,0.0,0,0.0,0,0.0,0,0.0,0,0.0,0,0.0,0,0.0,0,0.0,0,0.0
v7clean_final,fixed_dual_hybrid_rrf_mw0.5_teleport10,20,75,100,22,0.6262683843933844,61,0.906945054945055,0,0.0,65.04,0,0.0,0,0.0,0,0.0,0,0.0,0,0.0,0,0.0,0,0.0,0,0.0,0,0.0,0,0.0,0,0.0
v7clean_final,fixed_dual_hybrid_rrf_mw0.5_teleport10,20,100,100,22,0.6262683843933844,80,0.9551618659118659,0,0.0,65.04,0,0.0,0,0.0,0,0.0,0,0.0,0,0.0,0,0.0,0,0.0,0,0.0,0,0.0,0,0.0,0,0.0
v7clean_final,fixed_dual_hybrid_rrf_mw0.5_teleport5,20,50,100,22,0.6263592934842935,45,0.8409068154068154,0,0.0,65.04,0,0.0,0,0.0,0,0.0,0,0.0,0,0.0,0,0.0,0,0.0,0,0.0,0,0.0,0,0.0,0,0.0
v7clean_final,fixed_dual_hybrid_rrf_mw0.5_teleport5,20,75,100,22,0.6263592934842935,63,0.9151918081918082,0,0.0,65.04,0,0.0,0,0.0,0,0.0,0,0.0,0,0.0,0,0.0,0,0.0,0,0.0,0,0.0,0,0.0,0,0.0
v7clean_final,fixed_dual_hybrid_rrf_mw0.5_teleport5,20,100,100,22,0.6263592934842935,82,0.9590263347763347,0,0.0,65.04,0,0.0,0,0.0,0,0.0,0,0.0,0,0.0,0,0.0,0,0.0,0,0.0,0,0.0,0,0.0,0,0.0
v7clean_final,fixed_dual_hybrid_rrf_mw0.75_teleport10,20,50,100,22,0.6316487262737263,47,0.847462370962371,0,0.0,65.04,0,0.0,0,0.0,0,0.0,0,0.0,0,0.0,0,0.0,0,0.0,0,0.0,0,0.0,0,0.0,0,0.0
v7clean_final,fixed_dual_hybrid_rrf_mw0.75_teleport10,20,75,100,22,0.6316487262737263,66,0.9191842324342325,0,0.0,65.04,0,0.0,0,0.0,0,0.0,0,0.0,0,0.0,0,0.0,0,0.0,0,0.0,0,0.0,0,0.0,0,0.0
v7clean_final,fixed_dual_hybrid_rrf_mw0.75_teleport10,20,100,100,22,0.6316487262737263,82,0.959843795093795,0,0.0,65.04,0,0.0,0,0.0,0,0.0,0,0.0,0,0.0,0,0.0,0,0.0,0,0.0,0,0.0,0,0.0,0,0.0
v7clean_final,fixed_dual_hybrid_rrf_mw0.75_teleport5,20,50,100,22,0.6306487262737263,47,0.845462370962371,0,0.0,65.04,0,0.0,0,0.0,0,0.0,0,0.0,0,0.0,0,0.0,0,0.0,0,0.0,0,0.0,0,0.0,0,0.0
v7clean_final,fixed_dual_hybrid_rrf_mw0.75_teleport5,20,75,100,22,0.6306487262737263,65,0.9182751415251416,0,0.0,65.04,0,0.0,0,0.0,0,0.0,0,0.0,0,0.0,0,0.0,0,0.0,0,0.0,0,0.0,0,0.0,0,0.0
v7clean_final,fixed_dual_hybrid_rrf_mw0.75_teleport5,20,100,100,22,0.6306487262737263,82,0.959843795093795,0,0.0,65.04,0,0.0,0,0.0,0,0.0,0,0.0,0,0.0,0,0.0,0,0.0,0,0.0,0,0.0,0,0.0,0,0.0
v7clean_final,global_fine_rrf_fixed,20,20,100,24,0.6269957958707958,24,0.6269957958707958,0,0.0,65.04,0,0.0,0,0.0,0,0.0,0,0.0,0,0.0,0,0.0,0,0.0,0,0.0,0,0.0,0,0.0,0,0.0
v7clean_final,global_fine_rrf_fixed,50,50,100,48,0.8467793595293596,48,0.8467793595293596,0,0.0,65.04,0,0.0,0,0.0,0,0.0,0,0.0,0,0.0,0,0.0,0,0.0,0,0.0,0,0.0,0,0.0,0,0.0
v7clean_final,global_fine_rrf_fixed,100,100,100,79,0.9550660173160174,79,0.9550660173160174,0,0.0,65.04,0,0.0,0,0.0,0,0.0,0,0.0,0,0.0,0,0.0,0,0.0,0,0.0,0,0.0,0,0.0,0,0.0
v7clean_final,global_fine_rrf_hybrid_mw0.25_teleport10,20,50,100,24,0.6269957958707958,40,0.811657425907426,0,0.0,65.04,0,0.0,0,0.0,0,0.0,0,0.0,0,0.0,0,0.0,0,0.0,0,0.0,0,0.0,0,0.0,0,0.0
v7clean_final,global_fine_rrf_hybrid_mw0.25_teleport10,20,75,100,24,0.6269957958707958,56,0.8890347014097014,0,0.0,65.04,0,0.0,0,0.0,0,0.0,0,0.0,0,0.0,0,0.0,0,0.0,0,0.0,0,0.0,0,0.0,0,0.0
v7clean_final,global_fine_rrf_hybrid_mw0.25_teleport10,20,100,100,24,0.6269957958707958,71,0.927403207903208,0,0.0,65.04,0,0.0,0,0.0,0,0.0,0,0.0,0,0.0,0,0.0,0,0.0,0,0.0,0,0.0,0,0.0,0,0.0
v7clean_final,global_fine_rrf_hybrid_mw0.25_teleport5,20,50,100,24,0.6269957958707958,43,0.8198379814629814,0,0.0,65.04,0,0.0,0,0.0,0,0.0,0,0.0,0,0.0,0,0.0,0,0.0,0,0.0,0,0.0,0,0.0,0,0.0
v7clean_final,global_fine_rrf_hybrid_mw0.25_teleport5,20,75,100,24,0.6269957958707958,57,0.8983124791874793,0,0.0,65.04,0,0.0,0,0.0,0,0.0,0,0.0,0,0.0,0,0.0,0,0.0,0,0.0,0,0.0,0,0.0,0,0.0
v7clean_final,global_fine_rrf_hybrid_mw0.25_teleport5,20,100,100,24,0.6269957958707958,80,0.9486214618714618,0,0.0,65.04,0,0.0,0,0.0,0,0.0,0,0.0,0,0.0,0,0.0,0,0.0,0,0.0,0,0.0,0,0.0,0,0.0
v7clean_final,global_fine_rrf_hybrid_mw0.5_teleport10,20,50,100,24,0.6269957958707958,45,0.8355403624153623,0,0.0,65.04,0,0.0,0,0.0,0,0.0,0,0.0,0,0.0,0,0.0,0,0.0,0,0.0,0,0.0,0,0.0,0,0.0
v7clean_final,global_fine_rrf_hybrid_mw0.5_teleport10,20,75,100,24,0.6269957958707958,60,0.906804181929182,0,0.0,65.04,0,0.0,0,0.0,0,0.0,0,0.0,0,0.0,0,0.0,0,0.0,0,0.0,0,0.0,0,0.0,0,0.0
v7clean_final,global_fine_rrf_hybrid_mw0.5_teleport10,20,100,100,24,0.6269957958707958,78,0.9484194416694416,0,0.0,65.04,0,0.0,0,0.0,0,0.0,0,0.0,0,0.0,0,0.0,0,0.0,0,0.0,0,0.0,0,0.0,0,0.0
v7clean_final,global_fine_rrf_hybrid_mw0.5_teleport5,20,50,100,24,0.6269957958707958,47,0.8437113580863581,0,0.0,65.04,0,0.0,0,0.0,0,0.0,0,0.0,0,0.0,0,0.0,0,0.0,0,0.0,0,0.0,0,0.0,0,0.0
v7clean_final,global_fine_rrf_hybrid_mw0.5_teleport5,20,75,100,24,0.6269957958707958,62,0.9106180347430347,0,0.0,65.04,0,0.0,0,0.0,0,0.0,0,0.0,0,0.0,0,0.0,0,0.0,0,0.0,0,0.0,0,0.0,0,0.0
v7clean_final,global_fine_rrf_hybrid_mw0.5_teleport5,20,100,100,24,0.6269957958707958,82,0.9579664502164502,0,0.0,65.04,0,0.0,0,0.0,0,0.0,0,0.0,0,0.0,0,0.0,0,0.0,0,0.0,0,0.0,0,0.0,0,0.0
v7clean_final,global_fine_rrf_hybrid_mw0.75_teleport10,20,50,100,24,0.6269957958707958,49,0.8522523032523033,0,0.0,65.04,0,0.0,0,0.0,0,0.0,0,0.0,0,0.0,0,0.0,0,0.0,0,0.0,0,0.0,0,0.0,0,0.0
v7clean_final,global_fine_rrf_hybrid_mw0.75_teleport10,20,75,100,24,0.6269957958707958,63,0.920225899100899,0,0.0,65.04,0,0.0,0,0.0,0,0.0,0,0.0,0,0.0,0,0.0,0,0.0,0,0.0,0,0.0,0,0.0,0,0.0
v7clean_final,global_fine_rrf_hybrid_mw0.75_teleport10,20,100,100,24,0.6269957958707958,80,0.9581847041847041,0,0.0,65.04,0,0.0,0,0.0,0,0.0,0,0.0,0,0.0,0,0.0,0,0.0,0,0.0,0,0.0,0,0.0,0,0.0
v7clean_final,global_fine_rrf_hybrid_mw0.75_teleport5,20,50,100,24,0.6269957958707958,49,0.8513432123432123,0,0.0,65.04,0,0.0,0,0.0,0,0.0,0,0.0,0,0.0,0,0.0,0,0.0,0,0.0,0,0.0,0,0.0,0,0.0
v7clean_final,global_fine_rrf_hybrid_mw0.75_teleport5,20,75,100,24,0.6269957958707958,61,0.9173168081918083,0,0.0,65.04,0,0.0,0,0.0,0,0.0,0,0.0,0,0.0,0,0.0,0,0.0,0,0.0,0,0.0,0,0.0,0,0.0
v7clean_final,global_fine_rrf_hybrid_mw0.75_teleport5,20,100,100,24,0.6269957958707958,80,0.9581847041847041,0,0.0,65.04,0,0.0,0,0.0,0,0.0,0,0.0,0,0.0,0,0.0,0,0.0,0,0.0,0,0.0,0,0.0,0,0.0
v7continue_best,coarse_hybrid_mw0.25_teleport10,20,50,100,28,0.7030763125763125,46,0.854708361083361,0,0.0,57.85,0,0.0,0,0.0,0,0.0,0,0.0,0,0.0,0,0.0,0,0.0,0,0.0,0,0.0,0,0.0,0,0.0
v7continue_best,coarse_hybrid_mw0.25_teleport10,20,75,100,28,0.7030763125763125,59,0.9117390664890666,0,0.0,57.85,0,0.0,0,0.0,0,0.0,0,0.0,0,0.0,0,0.0,0,0.0,0,0.0,0,0.0,0,0.0,0,0.0
v7continue_best,coarse_hybrid_mw0.25_teleport10,20,100,100,28,0.7030763125763125,75,0.9390540015540015,0,0.0,57.85,0,0.0,0,0.0,0,0.0,0,0.0,0,0.0,0,0.0,0,0.0,0,0.0,0,0.0,0,0.0,0,0.0
v7continue_best,coarse_hybrid_mw0.25_teleport5,20,50,100,28,0.7030763125763125,47,0.8611528055278055,0,0.0,57.85,0,0.0,0,0.0,0,0.0,0,0.0,0,0.0,0,0.0,0,0.0,0,0.0,0,0.0,0,0.0,0,0.0
v7continue_best,coarse_hybrid_mw0.25_teleport5,20,75,100,28,0.7030763125763125,61,0.918923951048951,0,0.0,57.85,0,0.0,0,0.0,0,0.0,0,0.0,0,0.0,0,0.0,0,0.0,0,0.0,0,0.0,0,0.0,0,0.0
v7continue_best,coarse_hybrid_mw0.25_teleport5,20,100,100,28,0.7030763125763125,79,0.9530980130980131,0,0.0,57.85,0,0.0,0,0.0,0,0.0,0,0.0,0,0.0,0,0.0,0,0.0,0,0.0,0,0.0,0,0.0,0,0.0
v7continue_best,coarse_hybrid_mw0.5_teleport10,20,50,100,28,0.7030763125763125,51,0.8700063408813409,0,0.0,57.85,0,0.0,0,0.0,0,0.0,0,0.0,0,0.0,0,0.0,0,0.0,0,0.0,0,0.0,0,0.0,0,0.0
v7continue_best,coarse_hybrid_mw0.5_teleport10,20,75,100,28,0.7030763125763125,67,0.9330426379176379,0,0.0,57.85,0,0.0,0,0.0,0,0.0,0,0.0,0,0.0,0,0.0,0,0.0,0,0.0,0,0.0,0,0.0,0,0.0
v7continue_best,coarse_hybrid_mw0.5_teleport10,20,100,100,28,0.7030763125763125,81,0.9592646797646798,0,0.0,57.85,0,0.0,0,0.0,0,0.0,0,0.0,0,0.0,0,0.0,0,0.0,0,0.0,0,0.0,0,0.0,0,0.0
v7continue_best,coarse_hybrid_mw0.5_teleport5,20,50,100,28,0.7030763125763125,47,0.8633035991785992,0,0.0,57.85,0,0.0,0,0.0,0,0.0,0,0.0,0,0.0,0,0.0,0,0.0,0,0.0,0,0.0,0,0.0,0,0.0
v7continue_best,coarse_hybrid_mw0.5_teleport5,20,75,100,28,0.7030763125763125,67,0.9336461732711733,0,0.0,57.85,0,0.0,0,0.0,0,0.0,0,0.0,0,0.0,0,0.0,0,0.0,0,0.0,0,0.0,0,0.0,0,0.0
v7continue_best,coarse_hybrid_mw0.5_teleport5,20,100,100,28,0.7030763125763125,80,0.9588757908757909,0,0.0,57.85,0,0.0,0,0.0,0,0.0,0,0.0,0,0.0,0,0.0,0,0.0,0,0.0,0,0.0,0,0.0,0,0.0
v7continue_best,coarse_hybrid_mw0.75_teleport10,20,50,100,28,0.7030763125763125,52,0.8759210234210234,0,0.0,57.85,0,0.0,0,0.0,0,0.0,0,0.0,0,0.0,0,0.0,0,0.0,0,0.0,0,0.0,0,0.0,0,0.0
v7continue_best,coarse_hybrid_mw0.75_teleport10,20,75,100,28,0.7030763125763125,68,0.9375191891441891,0,0.0,57.85,0,0.0,0,0.0,0,0.0,0,0.0,0,0.0,0,0.0,0,0.0,0,0.0,0,0.0,0,0.0,0,0.0
v7continue_best,coarse_hybrid_mw0.75_teleport10,20,100,100,28,0.7030763125763125,80,0.9607091242091242,0,0.0,57.85,0,0.0,0,0.0,0,0.0,0,0.0,0,0.0,0,0.0,0,0.0,0,0.0,0,0.0,0,0.0,0,0.0
v7continue_best,coarse_hybrid_mw0.75_teleport5,20,50,100,28,0.7030763125763125,50,0.8740119325119324,0,0.0,57.85,0,0.0,0,0.0,0,0.0,0,0.0,0,0.0,0,0.0,0,0.0,0,0.0,0,0.0,0,0.0,0,0.0
v7continue_best,coarse_hybrid_mw0.75_teleport5,20,75,100,28,0.7030763125763125,69,0.9400588716838716,0,0.0,57.85,0,0.0,0,0.0,0,0.0,0,0.0,0,0.0,0,0.0,0,0.0,0,0.0,0,0.0,0,0.0,0,0.0
v7continue_best,coarse_hybrid_mw0.75_teleport5,20,100,100,28,0.7030763125763125,81,0.9616182151182151,0,0.0,57.85,0,0.0,0,0.0,0,0.0,0,0.0,0,0.0,0,0.0,0,0.0,0,0.0,0,0.0,0,0.0,0,0.0
v7continue_best,dual_hybrid_rrf_mw0.25_teleport10,20,50,100,27,0.708282412032412,44,0.8451206987456987,0,0.0,57.85,0,0.0,0,0.0,0,0.0,0,0.0,0,0.0,0,0.0,0,0.0,0,0.0,0,0.0,0,0.0,0,0.0
v7continue_best,dual_hybrid_rrf_mw0.25_teleport10,20,75,100,27,0.708282412032412,58,0.9079890664890665,0,0.0,57.85,0,0.0,0,0.0,0,0.0,0,0.0,0,0.0,0,0.0,0,0.0,0,0.0,0,0.0,0,0.0,0,0.0
v7continue_best,dual_hybrid_rrf_mw0.25_teleport10,20,100,100,27,0.708282412032412,76,0.9428202353202353,0,0.0,57.85,0,0.0,0,0.0,0,0.0,0,0.0,0,0.0,0,0.0,0,0.0,0,0.0,0,0.0,0,0.0,0,0.0
v7continue_best,dual_hybrid_rrf_mw0.25_teleport5,20,50,100,27,0.7065248362748363,48,0.8552873654123654,0,0.0,57.85,0,0.0,0,0.0,0,0.0,0,0.0,0,0.0,0,0.0,0,0.0,0,0.0,0,0.0,0,0.0,0,0.0
v7continue_best,dual_hybrid_rrf_mw0.25_teleport5,20,75,100,27,0.7065248362748363,60,0.9173204156954157,0,0.0,57.85,0,0.0,0,0.0,0,0.0,0,0.0,0,0.0,0,0.0,0,0.0,0,0.0,0,0.0,0,0.0,0,0.0
v7continue_best,dual_hybrid_rrf_mw0.25_teleport5,20,100,100,27,0.7065248362748363,82,0.9593043623043623,0,0.0,57.85,0,0.0,0,0.0,0,0.0,0,0.0,0,0.0,0,0.0,0,0.0,0,0.0,0,0.0,0,0.0,0,0.0
v7continue_best,dual_hybrid_rrf_mw0.5_teleport10,20,50,100,27,0.7104672965922966,51,0.8692007853257853,0,0.0,57.85,0,0.0,0,0.0,0,0.0,0,0.0,0,0.0,0,0.0,0,0.0,0,0.0,0,0.0,0,0.0,0,0.0
v7continue_best,dual_hybrid_rrf_mw0.5_teleport10,20,75,100,27,0.7104672965922966,66,0.9301081141081141,0,0.0,57.85,0,0.0,0,0.0,0,0.0,0,0.0,0,0.0,0,0.0,0,0.0,0,0.0,0,0.0,0,0.0,0,0.0
v7continue_best,dual_hybrid_rrf_mw0.5_teleport10,20,100,100,27,0.7104672965922966,81,0.9606932511932511,0,0.0,57.85,0,0.0,0,0.0,0,0.0,0,0.0,0,0.0,0,0.0,0,0.0,0,0.0,0,0.0,0,0.0,0,0.0
v7continue_best,dual_hybrid_rrf_mw0.5_teleport5,20,50,100,28,0.7116637251637252,51,0.8712725746475747,0,0.0,57.85,0,0.0,0,0.0,0,0.0,0,0.0,0,0.0,0,0.0,0,0.0,0,0.0,0,0.0,0,0.0,0,0.0
v7continue_best,dual_hybrid_rrf_mw0.5_teleport5,20,75,100,28,0.7116637251637252,65,0.9299573204573204,0,0.0,57.85,0,0.0,0,0.0,0,0.0,0,0.0,0,0.0,0,0.0,0,0.0,0,0.0,0,0.0,0,0.0,0,0.0
v7continue_best,dual_hybrid_rrf_mw0.5_teleport5,20,100,100,28,0.7116637251637252,81,0.9662134532134532,0,0.0,57.85,0,0.0,0,0.0,0,0.0,0,0.0,0,0.0,0,0.0,0,0.0,0,0.0,0,0.0,0,0.0,0,0.0
v7continue_best,dual_hybrid_rrf_mw0.75_teleport10,20,50,100,29,0.7133574481074482,53,0.8794960594960596,0,0.0,57.85,0,0.0,0,0.0,0,0.0,0,0.0,0,0.0,0,0.0,0,0.0,0,0.0,0,0.0,0,0.0,0,0.0
v7continue_best,dual_hybrid_rrf_mw0.75_teleport10,20,75,100,29,0.7133574481074482,70,0.9408561299811299,0,0.0,57.85,0,0.0,0,0.0,0,0.0,0,0.0,0,0.0,0,0.0,0,0.0,0,0.0,0,0.0,0,0.0,0,0.0
v7continue_best,dual_hybrid_rrf_mw0.75_teleport10,20,100,100,29,0.7133574481074482,83,0.9707134532134531,0,0.0,57.85,0,0.0,0,0.0,0,0.0,0,0.0,0,0.0,0,0.0,0,0.0,0,0.0,0,0.0,0,0.0,0,0.0
v7continue_best,dual_hybrid_rrf_mw0.75_teleport5,20,50,100,29,0.7149332056832057,52,0.8780377261627261,0,0.0,57.85,0,0.0,0,0.0,0,0.0,0,0.0,0,0.0,0,0.0,0,0.0,0,0.0,0,0.0,0,0.0,0,0.0
v7continue_best,dual_hybrid_rrf_mw0.75_teleport5,20,75,100,29,0.7149332056832057,71,0.9414811299811299,0,0.0,57.85,0,0.0,0,0.0,0,0.0,0,0.0,0,0.0,0,0.0,0,0.0,0,0.0,0,0.0,0,0.0,0,0.0
v7continue_best,dual_hybrid_rrf_mw0.75_teleport5,20,100,100,29,0.7149332056832057,83,0.9707134532134531,0,0.0,57.85,0,0.0,0,0.0,0,0.0,0,0.0,0,0.0,0,0.0,0,0.0,0,0.0,0,0.0,0,0.0,0,0.0
v7continue_best,fixed,20,20,100,28,0.7030763125763125,28,0.7030763125763125,0,0.0,57.85,0,0.0,0,0.0,0,0.0,0,0.0,0,0.0,0,0.0,0,0.0,0,0.0,0,0.0,0,0.0,0,0.0
v7continue_best,fixed,50,50,100,52,0.8772417304917305,52,0.8772417304917305,0,0.0,57.85,0,0.0,0,0.0,0,0.0,0,0.0,0,0.0,0,0.0,0,0.0,0,0.0,0,0.0,0,0.0,0,0.0
v7continue_best,fixed,100,100,100,80,0.9615937950937951,80,0.9615937950937951,0,0.0,57.85,0,0.0,0,0.0,0,0.0,0,0.0,0,0.0,0,0.0,0,0.0,0,0.0,0,0.0,0,0.0,0,0.0
v7continue_best,fixed_dual_hybrid_rrf_mw0.25_teleport10,20,50,100,28,0.7109725274725275,47,0.8581174519924519,0,0.0,57.85,0,0.0,0,0.0,0,0.0,0,0.0,0,0.0,0,0.0,0,0.0,0,0.0,0,0.0,0,0.0,0,0.0
v7continue_best,fixed_dual_hybrid_rrf_mw0.25_teleport10,20,75,100,28,0.7109725274725275,65,0.9237787490287491,0,0.0,57.85,0,0.0,0,0.0,0,0.0,0,0.0,0,0.0,0,0.0,0,0.0,0,0.0,0,0.0,0,0.0,0,0.0
v7continue_best,fixed_dual_hybrid_rrf_mw0.25_teleport10,20,100,100,28,0.7109725274725275,78,0.954950826950827,0,0.0,57.85,0,0.0,0,0.0,0,0.0,0,0.0,0,0.0,0,0.0,0,0.0,0,0.0,0,0.0,0,0.0,0,0.0
v7continue_best,fixed_dual_hybrid_rrf_mw0.25_teleport5,20,50,100,28,0.7108336385836386,49,0.8641849123099123,0,0.0,57.85,0,0.0,0,0.0,0,0.0,0,0.0,0,0.0,0,0.0,0,0.0,0,0.0,0,0.0,0,0.0,0,0.0
v7continue_best,fixed_dual_hybrid_rrf_mw0.25_teleport5,20,75,100,28,0.7108336385836386,66,0.9321398601398602,0,0.0,57.85,0,0.0,0,0.0,0,0.0,0,0.0,0,0.0,0,0.0,0,0.0,0,0.0,0,0.0,0,0.0,0,0.0
v7continue_best,fixed_dual_hybrid_rrf_mw0.25_teleport5,20,100,100,28,0.7108336385836386,79,0.9575265845265846,0,0.0,57.85,0,0.0,0,0.0,0,0.0,0,0.0,0,0.0,0,0.0,0,0.0,0,0.0,0,0.0,0,0.0,0,0.0
v7continue_best,fixed_dual_hybrid_rrf_mw0.5_teleport10,20,50,100,28,0.713151098901099,51,0.8723162254412254,0,0.0,57.85,0,0.0,0,0.0,0,0.0,0,0.0,0,0.0,0,0.0,0,0.0,0,0.0,0,0.0,0,0.0,0,0.0
v7continue_best,fixed_dual_hybrid_rrf_mw0.5_teleport10,20,75,100,28,0.713151098901099,70,0.9408184315684316,0,0.0,57.85,0,0.0,0,0.0,0,0.0,0,0.0,0,0.0,0,0.0,0,0.0,0,0.0,0,0.0,0,0.0,0,0.0
v7continue_best,fixed_dual_hybrid_rrf_mw0.5_teleport10,20,100,100,28,0.713151098901099,80,0.9611376956376957,0,0.0,57.85,0,0.0,0,0.0,0,0.0,0,0.0,0,0.0,0,0.0,0,0.0,0,0.0,0,0.0,0,0.0,0,0.0
v7continue_best,fixed_dual_hybrid_rrf_mw0.5_teleport5,20,50,100,28,0.7128336385836386,51,0.8759753163503163,0,0.0,57.85,0,0.0,0,0.0,0,0.0,0,0.0,0,0.0,0,0.0,0,0.0,0,0.0,0,0.0,0,0.0,0,0.0
v7continue_best,fixed_dual_hybrid_rrf_mw0.5_teleport5,20,75,100,28,0.7128336385836386,71,0.9433227605727607,0,0.0,57.85,0,0.0,0,0.0,0,0.0,0,0.0,0,0.0,0,0.0,0,0.0,0,0.0,0,0.0,0,0.0,0,0.0
v7continue_best,fixed_dual_hybrid_rrf_mw0.5_teleport5,20,100,100,28,0.7128336385836386,81,0.9620467865467865,0,0.0,57.85,0,0.0,0,0.0,0,0.0,0,0.0,0,0.0,0,0.0,0,0.0,0,0.0,0,0.0,0,0.0,0,0.0
v7continue_best,fixed_dual_hybrid_rrf_mw0.75_teleport10,20,50,100,28,0.7070763125763126,50,0.8739200521700522,0,0.0,57.85,0,0.0,0,0.0,0,0.0,0,0.0,0,0.0,0,0.0,0,0.0,0,0.0,0,0.0,0,0.0,0,0.0
v7continue_best,fixed_dual_hybrid_rrf_mw0.75_teleport10,20,75,100,28,0.7070763125763126,72,0.9434616494616495,0,0.0,57.85,0,0.0,0,0.0,0,0.0,0,0.0,0,0.0,0,0.0,0,0.0,0,0.0,0,0.0,0,0.0,0,0.0
v7continue_best,fixed_dual_hybrid_rrf_mw0.75_teleport10,20,100,100,28,0.7070763125763126,82,0.9697134532134533,0,0.0,57.85,0,0.0,0,0.0,0,0.0,0,0.0,0,0.0,0,0.0,0,0.0,0,0.0,0,0.0,0,0.0,0,0.0
v7continue_best,fixed_dual_hybrid_rrf_mw0.75_teleport5,20,50,100,28,0.7070763125763126,50,0.8739200521700522,0,0.0,57.85,0,0.0,0,0.0,0,0.0,0,0.0,0,0.0,0,0.0,0,0.0,0,0.0,0,0.0,0,0.0,0,0.0
v7continue_best,fixed_dual_hybrid_rrf_mw0.75_teleport5,20,75,100,28,0.7070763125763126,71,0.9409616494616495,0,0.0,57.85,0,0.0,0,0.0,0,0.0,0,0.0,0,0.0,0,0.0,0,0.0,0,0.0,0,0.0,0,0.0,0,0.0
v7continue_best,fixed_dual_hybrid_rrf_mw0.75_teleport5,20,100,100,28,0.7070763125763126,82,0.9688043623043623,0,0.0,57.85,0,0.0,0,0.0,0,0.0,0,0.0,0,0.0,0,0.0,0,0.0,0,0.0,0,0.0,0,0.0,0,0.0
v7continue_best,global_fine_rrf_fixed,20,20,100,28,0.7020377122877123,28,0.7020377122877123,0,0.0,57.85,0,0.0,0,0.0,0,0.0,0,0.0,0,0.0,0,0.0,0,0.0,0,0.0,0,0.0,0,0.0,0,0.0
v7continue_best,global_fine_rrf_fixed,50,50,100,52,0.8787477244977245,52,0.8787477244977245,0,0.0,57.85,0,0.0,0,0.0,0,0.0,0,0.0,0,0.0,0,0.0,0,0.0,0,0.0,0,0.0,0,0.0,0,0.0
v7continue_best,global_fine_rrf_fixed,100,100,100,81,0.9670265845265845,81,0.9670265845265845,0,0.0,57.85,0,0.0,0,0.0,0,0.0,0,0.0,0,0.0,0,0.0,0,0.0,0,0.0,0,0.0,0,0.0,0,0.0
v7continue_best,global_fine_rrf_hybrid_mw0.25_teleport10,20,50,100,28,0.7020377122877123,45,0.8507242340992341,0,0.0,57.85,0,0.0,0,0.0,0,0.0,0,0.0,0,0.0,0,0.0,0,0.0,0,0.0,0,0.0,0,0.0,0,0.0
v7continue_best,global_fine_rrf_hybrid_mw0.25_teleport10,20,75,100,28,0.7020377122877123,56,0.9047883089133089,0,0.0,57.85,0,0.0,0,0.0,0,0.0,0,0.0,0,0.0,0,0.0,0,0.0,0,0.0,0,0.0,0,0.0,0,0.0
v7continue_best,global_fine_rrf_hybrid_mw0.25_teleport10,20,100,100,28,0.7020377122877123,77,0.9428202353202353,0,0.0,57.85,0,0.0,0,0.0,0,0.0,0,0.0,0,0.0,0,0.0,0,0.0,0,0.0,0,0.0,0,0.0,0,0.0
v7continue_best,global_fine_rrf_hybrid_mw0.25_teleport5,20,50,100,28,0.7020377122877123,48,0.8550095876345877,0,0.0,57.85,0,0.0,0,0.0,0,0.0,0,0.0,0,0.0,0,0.0,0,0.0,0,0.0,0,0.0,0,0.0,0,0.0
v7continue_best,global_fine_rrf_hybrid_mw0.25_teleport5,20,75,100,28,0.7020377122877123,59,0.917153749028749,0,0.0,57.85,0,0.0,0,0.0,0,0.0,0,0.0,0,0.0,0,0.0,0,0.0,0,0.0,0,0.0,0,0.0,0,0.0
v7continue_best,global_fine_rrf_hybrid_mw0.25_teleport5,20,100,100,28,0.7020377122877123,80,0.9571932511932512,0,0.0,57.85,0,0.0,0,0.0,0,0.0,0,0.0,0,0.0,0,0.0,0,0.0,0,0.0,0,0.0,0,0.0,0,0.0
v7continue_best,global_fine_rrf_hybrid_mw0.5_teleport10,20,50,100,28,0.7020377122877123,50,0.8655331474081475,0,0.0,57.85,0,0.0,0,0.0,0,0.0,0,0.0,0,0.0,0,0.0,0,0.0,0,0.0,0,0.0,0,0.0,0,0.0
v7continue_best,global_fine_rrf_hybrid_mw0.5_teleport10,20,75,100,28,0.7020377122877123,64,0.9265898962148963,0,0.0,57.85,0,0.0,0,0.0,0,0.0,0,0.0,0,0.0,0,0.0,0,0.0,0,0.0,0,0.0,0,0.0,0,0.0
v7continue_best,global_fine_rrf_hybrid_mw0.5_teleport10,20,100,100,28,0.7020377122877123,79,0.9625265845265845,0,0.0,57.85,0,0.0,0,0.0,0,0.0,0,0.0,0,0.0,0,0.0,0,0.0,0,0.0,0,0.0,0,0.0,0,0.0
v7continue_best,global_fine_rrf_hybrid_mw0.5_teleport5,20,50,100,28,0.7020377122877123,50,0.8621944721944722,0,0.0,57.85,0,0.0,0,0.0,0,0.0,0,0.0,0,0.0,0,0.0,0,0.0,0,0.0,0,0.0,0,0.0,0,0.0
v7continue_best,global_fine_rrf_hybrid_mw0.5_teleport5,20,75,100,28,0.7020377122877123,64,0.93635612998113,0,0.0,57.85,0,0.0,0,0.0,0,0.0,0,0.0,0,0.0,0,0.0,0,0.0,0,0.0,0,0.0,0,0.0,0,0.0
v7continue_best,global_fine_rrf_hybrid_mw0.5_teleport5,20,100,100,28,0.7020377122877123,81,0.9651023421023421,0,0.0,57.85,0,0.0,0,0.0,0,0.0,0,0.0,0,0.0,0,0.0,0,0.0,0,0.0,0,0.0,0,0.0,0,0.0
v7continue_best,global_fine_rrf_hybrid_mw0.75_teleport10,20,50,100,28,0.7020377122877123,52,0.8747750999000999,0,0.0,57.85,0,0.0,0,0.0,0,0.0,0,0.0,0,0.0,0,0.0,0,0.0,0,0.0,0,0.0,0,0.0,0,0.0
v7continue_best,global_fine_rrf_hybrid_mw0.75_teleport10,20,75,100,28,0.7020377122877123,66,0.938495018870019,0,0.0,57.85,0,0.0,0,0.0,0,0.0,0,0.0,0,0.0,0,0.0,0,0.0,0,0.0,0,0.0,0,0.0,0,0.0
v7continue_best,global_fine_rrf_hybrid_mw0.75_teleport10,20,100,100,28,0.7020377122877123,84,0.9709154734154734,0,0.0,57.85,0,0.0,0,0.0,0,0.0,0,0.0,0,0.0,0,0.0,0,0.0,0,0.0,0,0.0,0,0.0,0,0.0
v7continue_best,global_fine_rrf_hybrid_mw0.75_teleport5,20,50,100,28,0.7020377122877123,52,0.8762036713286713,0,0.0,57.85,0,0.0,0,0.0,0,0.0,0,0.0,0,0.0,0,0.0,0,0.0,0,0.0,0,0.0,0,0.0,0,0.0
v7continue_best,global_fine_rrf_hybrid_mw0.75_teleport5,20,75,100,28,0.7020377122877123,68,0.9422576451326451,0,0.0,57.85,0,0.0,0,0.0,0,0.0,0,0.0,0,0.0,0,0.0,0,0.0,0,0.0,0,0.0,0,0.0,0,0.0
v7continue_best,global_fine_rrf_hybrid_mw0.75_teleport5,20,100,100,28,0.7020377122877123,83,0.9699154734154735,0,0.0,57.85,0,0.0,0,0.0,0,0.0,0,0.0,0,0.0,0,0.0,0,0.0,0,0.0,0,0.0,0,0.0,0,0.0
v7continue_final,coarse_hybrid_mw0.25_teleport10,20,50,100,28,0.7003070818070818,46,0.8541048257298257,0,0.0,57.93,0,0.0,0,0.0,0,0.0,0,0.0,0,0.0,0,0.0,0,0.0,0,0.0,0,0.0,0,0.0,0,0.0
v7continue_final,coarse_hybrid_mw0.25_teleport10,20,75,100,28,0.7003070818070818,59,0.9096557331557331,0,0.0,57.93,0,0.0,0,0.0,0,0.0,0,0.0,0,0.0,0,0.0,0,0.0,0,0.0,0,0.0,0,0.0,0,0.0
v7continue_final,coarse_hybrid_mw0.25_teleport10,20,100,100,28,0.7003070818070818,76,0.9423916638916638,0,0.0,57.93,0,0.0,0,0.0,0,0.0,0,0.0,0,0.0,0,0.0,0,0.0,0,0.0,0,0.0,0,0.0,0,0.0
v7continue_final,coarse_hybrid_mw0.25_teleport5,20,50,100,28,0.7003070818070818,48,0.8616409007659007,0,0.0,57.93,0,0.0,0,0.0,0,0.0,0,0.0,0,0.0,0,0.0,0,0.0,0,0.0,0,0.0,0,0.0,0,0.0
v7continue_final,coarse_hybrid_mw0.25_teleport5,20,75,100,28,0.7003070818070818,61,0.9202017288267288,0,0.0,57.93,0,0.0,0,0.0,0,0.0,0,0.0,0,0.0,0,0.0,0,0.0,0,0.0,0,0.0,0,0.0,0,0.0
v7continue_final,coarse_hybrid_mw0.25_teleport5,20,100,100,28,0.7003070818070818,79,0.9551889221889222,0,0.0,57.93,0,0.0,0,0.0,0,0.0,0,0.0,0,0.0,0,0.0,0,0.0,0,0.0,0,0.0,0,0.0,0,0.0
v7continue_final,coarse_hybrid_mw0.5_teleport10,20,50,100,28,0.7003070818070818,51,0.873621780996781,0,0.0,57.93,0,0.0,0,0.0,0,0.0,0,0.0,0,0.0,0,0.0,0,0.0,0,0.0,0,0.0,0,0.0,0,0.0
v7continue_final,coarse_hybrid_mw0.5_teleport10,20,75,100,28,0.7003070818070818,66,0.929633547008547,0,0.0,57.93,0,0.0,0,0.0,0,0.0,0,0.0,0,0.0,0,0.0,0,0.0,0,0.0,0,0.0,0,0.0,0,0.0
v7continue_final,coarse_hybrid_mw0.5_teleport10,20,100,100,28,0.7003070818070818,80,0.9582841602841603,0,0.0,57.93,0,0.0,0,0.0,0,0.0,0,0.0,0,0.0,0,0.0,0,0.0,0,0.0,0,0.0,0,0.0,0,0.0
v7continue_final,coarse_hybrid_mw0.5_teleport5,20,50,100,28,0.7003070818070818,49,0.8684702658452659,0,0.0,57.93,0,0.0,0,0.0,0,0.0,0,0.0,0,0.0,0,0.0,0,0.0,0,0.0,0,0.0,0,0.0,0,0.0
v7continue_final,coarse_hybrid_mw0.5_teleport5,20,75,100,28,0.7003070818070818,65,0.9325747446997447,0,0.0,57.93,0,0.0,0,0.0,0,0.0,0,0.0,0,0.0,0,0.0,0,0.0,0,0.0,0,0.0,0,0.0,0,0.0
v7continue_final,coarse_hybrid_mw0.5_teleport5,20,100,100,28,0.7003070818070818,79,0.9563000333000333,0,0.0,57.93,0,0.0,0,0.0,0,0.0,0,0.0,0,0.0,0,0.0,0,0.0,0,0.0,0,0.0,0,0.0,0,0.0
v7continue_final,coarse_hybrid_mw0.75_teleport10,20,50,100,28,0.7003070818070818,53,0.8817596986346986,0,0.0,57.93,0,0.0,0,0.0,0,0.0,0,0.0,0,0.0,0,0.0,0,0.0,0,0.0,0,0.0,0,0.0,0,0.0
v7continue_final,coarse_hybrid_mw0.75_teleport10,20,75,100,28,0.7003070818070818,67,0.9362691891441891,0,0.0,57.93,0,0.0,0,0.0,0,0.0,0,0.0,0,0.0,0,0.0,0,0.0,0,0.0,0,0.0,0,0.0,0,0.0
v7continue_final,coarse_hybrid_mw0.75_teleport10,20,100,100,28,0.7003070818070818,81,0.9631376956376957,0,0.0,57.93,0,0.0,0,0.0,0,0.0,0,0.0,0,0.0,0,0.0,0,0.0,0,0.0,0,0.0,0,0.0,0,0.0
v7continue_final,coarse_hybrid_mw0.75_teleport5,20,50,100,28,0.7003070818070818,52,0.879456376956377,0,0.0,57.93,0,0.0,0,0.0,0,0.0,0,0.0,0,0.0,0,0.0,0,0.0,0,0.0,0,0.0,0,0.0,0,0.0
v7continue_final,coarse_hybrid_mw0.75_teleport5,20,75,100,28,0.7003070818070818,68,0.9388088716838716,0,0.0,57.93,0,0.0,0,0.0,0,0.0,0,0.0,0,0.0,0,0.0,0,0.0,0,0.0,0,0.0,0,0.0,0,0.0
v7continue_final,coarse_hybrid_mw0.75_teleport5,20,100,100,28,0.7003070818070818,82,0.9640467865467864,0,0.0,57.93,0,0.0,0,0.0,0,0.0,0,0.0,0,0.0,0,0.0,0,0.0,0,0.0,0,0.0,0,0.0,0,0.0
v7continue_final,dual_hybrid_rrf_mw0.25_teleport10,20,50,100,27,0.7104596098346099,45,0.8522992701742702,0,0.0,57.93,0,0.0,0,0.0,0,0.0,0,0.0,0,0.0,0,0.0,0,0.0,0,0.0,0,0.0,0,0.0,0,0.0
v7continue_final,dual_hybrid_rrf_mw0.25_teleport10,20,75,100,27,0.7104596098346099,58,0.9067625152625152,0,0.0,57.93,0,0.0,0,0.0,0,0.0,0,0.0,0,0.0,0,0.0,0,0.0,0,0.0,0,0.0,0,0.0,0,0.0
v7continue_final,dual_hybrid_rrf_mw0.25_teleport10,20,100,100,27,0.7104596098346099,77,0.943577811077811,0,0.0,57.93,0,0.0,0,0.0,0,0.0,0,0.0,0,0.0,0,0.0,0,0.0,0,0.0,0,0.0,0,0.0,0,0.0
v7continue_final,dual_hybrid_rrf_mw0.25_teleport5,20,50,100,28,0.7117334193584193,47,0.8532103452103452,0,0.0,57.93,0,0.0,0,0.0,0,0.0,0,0.0,0,0.0,0,0.0,0,0.0,0,0.0,0,0.0,0,0.0,0,0.0
v7continue_final,dual_hybrid_rrf_mw0.25_teleport5,20,75,100,28,0.7117334193584193,59,0.9139113247863249,0,0.0,57.93,0,0.0,0,0.0,0,0.0,0,0.0,0,0.0,0,0.0,0,0.0,0,0.0,0,0.0,0,0.0,0,0.0
v7continue_final,dual_hybrid_rrf_mw0.25_teleport5,20,100,100,28,0.7117334193584193,82,0.9593043623043623,0,0.0,57.93,0,0.0,0,0.0,0,0.0,0,0.0,0,0.0,0,0.0,0,0.0,0,0.0,0,0.0,0,0.0,0,0.0
v7continue_final,dual_hybrid_rrf_mw0.5_teleport10,20,50,100,27,0.7152694943944944,50,0.872454143079143,0,0.0,57.93,0,0.0,0,0.0,0,0.0,0,0.0,0,0.0,0,0.0,0,0.0,0,0.0,0,0.0,0,0.0,0,0.0
v7continue_final,dual_hybrid_rrf_mw0.5_teleport10,20,75,100,27,0.7152694943944944,65,0.9281156898656898,0,0.0,57.93,0,0.0,0,0.0,0,0.0,0,0.0,0,0.0,0,0.0,0,0.0,0,0.0,0,0.0,0,0.0,0,0.0
v7continue_final,dual_hybrid_rrf_mw0.5_teleport10,20,100,100,27,0.7152694943944944,81,0.9603952713952714,0,0.0,57.93,0,0.0,0,0.0,0,0.0,0,0.0,0,0.0,0,0.0,0,0.0,0,0.0,0,0.0,0,0.0,0,0.0
v7continue_final,dual_hybrid_rrf_mw0.5_teleport5,20,50,100,29,0.7157889749139749,50,0.8681475746475746,0,0.0,57.93,0,0.0,0,0.0,0,0.0,0,0.0,0,0.0,0,0.0,0,0.0,0,0.0,0,0.0,0,0.0,0,0.0
v7continue_final,dual_hybrid_rrf_mw0.5_teleport5,20,75,100,29,0.7157889749139749,65,0.9328323204573205,0,0.0,57.93,0,0.0,0,0.0,0,0.0,0,0.0,0,0.0,0,0.0,0,0.0,0,0.0,0,0.0,0,0.0,0,0.0
v7continue_final,dual_hybrid_rrf_mw0.5_teleport5,20,100,100,29,0.7157889749139749,80,0.9642841602841602,0,0.0,57.93,0,0.0,0,0.0,0,0.0,0,0.0,0,0.0,0,0.0,0,0.0,0,0.0,0,0.0,0,0.0,0,0.0
v7continue_final,dual_hybrid_rrf_mw0.75_teleport10,20,50,100,29,0.7167175463425464,54,0.8804243811743813,0,0.0,57.93,0,0.0,0,0.0,0,0.0,0,0.0,0,0.0,0,0.0,0,0.0,0,0.0,0,0.0,0,0.0,0,0.0
v7continue_final,dual_hybrid_rrf_mw0.75_teleport10,20,75,100,29,0.7167175463425464,69,0.9386970390720392,0,0.0,57.93,0,0.0,0,0.0,0,0.0,0,0.0,0,0.0,0,0.0,0,0.0,0,0.0,0,0.0,0,0.0,0,0.0
v7continue_final,dual_hybrid_rrf_mw0.75_teleport10,20,100,100,29,0.7167175463425464,83,0.9707134532134531,0,0.0,57.93,0,0.0,0,0.0,0,0.0,0,0.0,0,0.0,0,0.0,0,0.0,0,0.0,0,0.0,0,0.0,0,0.0
v7continue_final,dual_hybrid_rrf_mw0.75_teleport5,20,50,100,29,0.7161619907869908,53,0.8777728660228661,0,0.0,57.93,0,0.0,0,0.0,0,0.0,0,0.0,0,0.0,0,0.0,0,0.0,0,0.0,0,0.0,0,0.0,0,0.0
v7continue_final,dual_hybrid_rrf_mw0.75_teleport5,20,75,100,29,0.7161619907869908,69,0.9396061299811299,0,0.0,57.93,0,0.0,0,0.0,0,0.0,0,0.0,0,0.0,0,0.0,0,0.0,0,0.0,0,0.0,0,0.0,0,0.0
v7continue_final,dual_hybrid_rrf_mw0.75_teleport5,20,100,100,29,0.7161619907869908,83,0.9707134532134531,0,0.0,57.93,0,0.0,0,0.0,0,0.0,0,0.0,0,0.0,0,0.0,0,0.0,0,0.0,0,0.0,0,0.0,0,0.0
v7continue_final,fixed,20,20,100,28,0.7003070818070818,28,0.7003070818070818,0,0.0,57.93,0,0.0,0,0.0,0,0.0,0,0.0,0,0.0,0,0.0,0,0.0,0,0.0,0,0.0,0,0.0,0,0.0
v7continue_final,fixed,50,50,100,51,0.8771359612609612,51,0.8771359612609612,0,0.0,57.93,0,0.0,0,0.0,0,0.0,0,0.0,0,0.0,0,0.0,0,0.0,0,0.0,0,0.0,0,0.0,0,0.0
v7continue_final,fixed,100,100,100,81,0.9625937950937952,81,0.9625937950937952,0,0.0,57.93,0,0.0,0,0.0,0,0.0,0,0.0,0,0.0,0,0.0,0,0.0,0,0.0,0,0.0,0,0.0,0,0.0
v7continue_final,fixed_dual_hybrid_rrf_mw0.25_teleport10,20,50,100,28,0.7064311105561106,49,0.861522213897214,0,0.0,57.93,0,0.0,0,0.0,0,0.0,0,0.0,0,0.0,0,0.0,0,0.0,0,0.0,0,0.0,0,0.0,0,0.0
v7continue_final,fixed_dual_hybrid_rrf_mw0.25_teleport10,20,75,100,28,0.7064311105561106,64,0.9216196581196582,0,0.0,57.93,0,0.0,0,0.0,0,0.0,0,0.0,0,0.0,0,0.0,0,0.0,0,0.0,0,0.0,0,0.0,0,0.0
v7continue_final,fixed_dual_hybrid_rrf_mw0.25_teleport10,20,100,100,28,0.7064311105561106,78,0.955950826950827,0,0.0,57.93,0,0.0,0,0.0,0,0.0,0,0.0,0,0.0,0,0.0,0,0.0,0,0.0,0,0.0,0,0.0,0,0.0
v7continue_final,fixed_dual_hybrid_rrf_mw0.25_teleport5,20,50,100,28,0.7018679792429792,48,0.8633995587745588,0,0.0,57.93,0,0.0,0,0.0,0,0.0,0,0.0,0,0.0,0,0.0,0,0.0,0,0.0,0,0.0,0,0.0,0,0.0
v7continue_final,fixed_dual_hybrid_rrf_mw0.25_teleport5,20,75,100,28,0.7018679792429792,67,0.9361239871239871,0,0.0,57.93,0,0.0,0,0.0,0,0.0,0,0.0,0,0.0,0,0.0,0,0.0,0,0.0,0,0.0,0,0.0,0,0.0
v7continue_final,fixed_dual_hybrid_rrf_mw0.25_teleport5,20,100,100,28,0.7018679792429792,79,0.9566174936174936,0,0.0,57.93,0,0.0,0,0.0,0,0.0,0,0.0,0,0.0,0,0.0,0,0.0,0,0.0,0,0.0,0,0.0,0,0.0
v7continue_final,fixed_dual_hybrid_rrf_mw0.5_teleport10,20,50,100,28,0.7107763486513486,52,0.8800140276390276,0,0.0,57.93,0,0.0,0,0.0,0,0.0,0,0.0,0,0.0,0,0.0,0,0.0,0,0.0,0,0.0,0,0.0,0,0.0
v7continue_final,fixed_dual_hybrid_rrf_mw0.5_teleport10,20,75,100,28,0.7107763486513486,68,0.9360449827949827,0,0.0,57.93,0,0.0,0,0.0,0,0.0,0,0.0,0,0.0,0,0.0,0,0.0,0,0.0,0,0.0,0,0.0,0,0.0
v7continue_final,fixed_dual_hybrid_rrf_mw0.5_teleport10,20,100,100,28,0.7107763486513486,79,0.9587286047286047,0,0.0,57.93,0,0.0,0,0.0,0,0.0,0,0.0,0,0.0,0,0.0,0,0.0,0,0.0,0,0.0,0,0.0,0,0.0
v7continue_final,fixed_dual_hybrid_rrf_mw0.5_teleport5,20,50,100,28,0.7055187728937728,52,0.8779584720834721,0,0.0,57.93,0,0.0,0,0.0,0,0.0,0,0.0,0,0.0,0,0.0,0,0.0,0,0.0,0,0.0,0,0.0,0,0.0
v7continue_final,fixed_dual_hybrid_rrf_mw0.5_teleport5,20,75,100,28,0.7055187728937728,70,0.9408227605727606,0,0.0,57.93,0,0.0,0,0.0,0,0.0,0,0.0,0,0.0,0,0.0,0,0.0,0,0.0,0,0.0,0,0.0,0,0.0
v7continue_final,fixed_dual_hybrid_rrf_mw0.5_teleport5,20,100,100,28,0.7055187728937728,79,0.9596376956376956,0,0.0,57.93,0,0.0,0,0.0,0,0.0,0,0.0,0,0.0,0,0.0,0,0.0,0,0.0,0,0.0,0,0.0,0,0.0
v7continue_final,fixed_dual_hybrid_rrf_mw0.75_teleport10,20,50,100,28,0.7117687728937728,52,0.8783978660228661,0,0.0,57.93,0,0.0,0,0.0,0,0.0,0,0.0,0,0.0,0,0.0,0,0.0,0,0.0,0,0.0,0,0.0,0,0.0
v7continue_final,fixed_dual_hybrid_rrf_mw0.75_teleport10,20,75,100,28,0.7117687728937728,69,0.9396061299811299,0,0.0,57.93,0,0.0,0,0.0,0,0.0,0,0.0,0,0.0,0,0.0,0,0.0,0,0.0,0,0.0,0,0.0,0,0.0
v7continue_final,fixed_dual_hybrid_rrf_mw0.75_teleport10,20,100,100,28,0.7117687728937728,81,0.9679356754356755,0,0.0,57.93,0,0.0,0,0.0,0,0.0,0,0.0,0,0.0,0,0.0,0,0.0,0,0.0,0,0.0,0,0.0,0,0.0
v7continue_final,fixed_dual_hybrid_rrf_mw0.75_teleport5,20,50,100,28,0.7117687728937728,53,0.8785645326895327,0,0.0,57.93,0,0.0,0,0.0,0,0.0,0,0.0,0,0.0,0,0.0,0,0.0,0,0.0,0,0.0,0,0.0,0,0.0
v7continue_final,fixed_dual_hybrid_rrf_mw0.75_teleport5,20,75,100,28,0.7117687728937728,69,0.9381775585525586,0,0.0,57.93,0,0.0,0,0.0,0,0.0,0,0.0,0,0.0,0,0.0,0,0.0,0,0.0,0,0.0,0,0.0,0,0.0
v7continue_final,fixed_dual_hybrid_rrf_mw0.75_teleport5,20,100,100,28,0.7117687728937728,81,0.9679356754356755,0,0.0,57.93,0,0.0,0,0.0,0,0.0,0,0.0,0,0.0,0,0.0,0,0.0,0,0.0,0,0.0,0,0.0,0,0.0
v7continue_final,global_fine_rrf_fixed,20,20,100,28,0.6997139388389388,28,0.6997139388389388,0,0.0,57.93,0,0.0,0,0.0,0,0.0,0,0.0,0,0.0,0,0.0,0,0.0,0,0.0,0,0.0,0,0.0,0,0.0
v7continue_final,global_fine_rrf_fixed,50,50,100,55,0.8846901848151848,55,0.8846901848151848,0,0.0,57.93,0,0.0,0,0.0,0,0.0,0,0.0,0,0.0,0,0.0,0,0.0,0,0.0,0,0.0,0,0.0,0,0.0
v7continue_final,global_fine_rrf_fixed,100,100,100,80,0.9666856754356755,80,0.9666856754356755,0,0.0,57.93,0,0.0,0,0.0,0,0.0,0,0.0,0,0.0,0,0.0,0,0.0,0,0.0,0,0.0,0,0.0,0,0.0
v7continue_final,global_fine_rrf_hybrid_mw0.25_teleport10,20,50,100,28,0.6997139388389388,47,0.851383325008325,0,0.0,57.93,0,0.0,0,0.0,0,0.0,0,0.0,0,0.0,0,0.0,0,0.0,0,0.0,0,0.0,0,0.0,0,0.0
v7continue_final,global_fine_rrf_hybrid_mw0.25_teleport10,20,75,100,28,0.6997139388389388,58,0.9056514041514042,0,0.0,57.93,0,0.0,0,0.0,0,0.0,0,0.0,0,0.0,0,0.0,0,0.0,0,0.0,0,0.0,0,0.0,0,0.0
v7continue_final,global_fine_rrf_hybrid_mw0.25_teleport10,20,100,100,28,0.6997139388389388,76,0.9420897158397159,0,0.0,57.93,0,0.0,0,0.0,0,0.0,0,0.0,0,0.0,0,0.0,0,0.0,0,0.0,0,0.0,0,0.0,0,0.0
v7continue_final,global_fine_rrf_hybrid_mw0.25_teleport5,20,50,100,28,0.6997139388389388,45,0.8540853452103453,0,0.0,57.93,0,0.0,0,0.0,0,0.0,0,0.0,0,0.0,0,0.0,0,0.0,0,0.0,0,0.0,0,0.0,0,0.0
v7continue_final,global_fine_rrf_hybrid_mw0.25_teleport5,20,75,100,28,0.6997139388389388,60,0.9198323204573206,0,0.0,57.93,0,0.0,0,0.0,0,0.0,0,0.0,0,0.0,0,0.0,0,0.0,0,0.0,0,0.0,0,0.0,0,0.0
v7continue_final,global_fine_rrf_hybrid_mw0.25_teleport5,20,100,100,28,0.6997139388389388,80,0.9612841602841603,0,0.0,57.93,0,0.0,0,0.0,0,0.0,0,0.0,0,0.0,0,0.0,0,0.0,0,0.0,0,0.0,0,0.0,0,0.0
v7continue_final,global_fine_rrf_hybrid_mw0.5_teleport10,20,50,100,28,0.6997139388389388,52,0.8726505716505717,0,0.0,57.93,0,0.0,0,0.0,0,0.0,0,0.0,0,0.0,0,0.0,0,0.0,0,0.0,0,0.0,0,0.0,0,0.0
v7continue_final,global_fine_rrf_hybrid_mw0.5_teleport10,20,75,100,28,0.6997139388389388,63,0.9267684676434677,0,0.0,57.93,0,0.0,0,0.0,0,0.0,0,0.0,0,0.0,0,0.0,0,0.0,0,0.0,0,0.0,0,0.0,0,0.0
v7continue_final,global_fine_rrf_hybrid_mw0.5_teleport10,20,100,100,28,0.6997139388389388,80,0.9635265845265845,0,0.0,57.93,0,0.0,0,0.0,0,0.0,0,0.0,0,0.0,0,0.0,0,0.0,0,0.0,0,0.0,0,0.0,0,0.0
v7continue_final,global_fine_rrf_hybrid_mw0.5_teleport5,20,50,100,28,0.6997139388389388,51,0.8722051143301144,0,0.0,57.93,0,0.0,0,0.0,0,0.0,0,0.0,0,0.0,0,0.0,0,0.0,0,0.0,0,0.0,0,0.0,0,0.0
v7continue_final,global_fine_rrf_hybrid_mw0.5_teleport5,20,75,100,28,0.6997139388389388,65,0.9390227966477966,0,0.0,57.93,0,0.0,0,0.0,0,0.0,0,0.0,0,0.0,0,0.0,0,0.0,0,0.0,0,0.0,0,0.0,0,0.0
v7continue_final,global_fine_rrf_hybrid_mw0.5_teleport5,20,100,100,28,0.6997139388389388,80,0.9651932511932512,0,0.0,57.93,0,0.0,0,0.0,0,0.0,0,0.0,0,0.0,0,0.0,0,0.0,0,0.0,0,0.0,0,0.0,0,0.0
v7continue_final,global_fine_rrf_hybrid_mw0.75_teleport10,20,50,100,28,0.6997139388389388,53,0.881611790986791,0,0.0,57.93,0,0.0,0,0.0,0,0.0,0,0.0,0,0.0,0,0.0,0,0.0,0,0.0,0,0.0,0,0.0,0,0.0
v7continue_final,global_fine_rrf_hybrid_mw0.75_teleport10,20,75,100,28,0.6997139388389388,67,0.9393283522033522,0,0.0,57.93,0,0.0,0,0.0,0,0.0,0,0.0,0,0.0,0,0.0,0,0.0,0,0.0,0,0.0,0,0.0,0,0.0
v7continue_final,global_fine_rrf_hybrid_mw0.75_teleport10,20,100,100,28,0.6997139388389388,83,0.9684154734154734,0,0.0,57.93,0,0.0,0,0.0,0,0.0,0,0.0,0,0.0,0,0.0,0,0.0,0,0.0,0,0.0,0,0.0,0,0.0
v7continue_final,global_fine_rrf_hybrid_mw0.75_teleport5,20,50,100,28,0.6997139388389388,53,0.881611790986791,0,0.0,57.93,0,0.0,0,0.0,0,0.0,0,0.0,0,0.0,0,0.0,0,0.0,0,0.0,0,0.0,0,0.0,0,0.0
v7continue_final,global_fine_rrf_hybrid_mw0.75_teleport5,20,75,100,28,0.6997139388389388,68,0.9413485542235542,0,0.0,57.93,0,0.0,0,0.0,0,0.0,0,0.0,0,0.0,0,0.0,0,0.0,0,0.0,0,0.0,0,0.0,0,0.0
v7continue_final,global_fine_rrf_hybrid_mw0.75_teleport5,20,100,100,28,0.6997139388389388,82,0.9673043623043622,0,0.0,57.93,0,0.0,0,0.0,0,0.0,0,0.0,0,0.0,0,0.0,0,0.0,0,0.0,0,0.0,0,0.0,0,0.0
